763,,129_2_1400169232.JPG
763,,129_1_1400169231.JPG
763,,129_5_1400702648.jpg
763,,129_3_1400702646.JPG
763,,129_2_1400702646.JPG
763,,129_1_1400703333.jpg
825,2016-04-15 17:23:14.646383+00,WP_20160415_15_00_00_Pro.jpg
879,2015-04-12 17:03:38.909621+00,Fontana_Piazza_Crispi_foto_5_oQYNogy.jpg
879,2015-04-12 17:14:42.715656+00,Giornata_di_monitoraggio_con_larchitetto_1_xE3FAAt.JPG
879,2015-04-12 17:16:00.69021+00,Giornata_di_monitoraggio_con_larchitetto_2.JPG
879,2015-04-12 17:07:37.55206+00,Grafico_conoscenza_progetto_3_n6mNX5q.png
879,2015-04-12 17:08:18.600596+00,Grafico_indice_di_soddisfazione_lavori_effettuati_2_lFBUAbx.png
879,2015-04-12 17:08:47.999818+00,Grafico_Potenziamento_aspetto_delle_piazze_1_dWoYurd.png
879,2015-04-12 17:09:07.883445+00,Grafico_soddisfazione_aspetto_architettonico-estetico_5_ZcxrniB.png
879,2015-04-12 17:10:34.268897+00,Intervista_con_il_Sindaco_2.JPG
879,2015-04-12 17:13:05.747156+00,Intervista_con_il_Sindaco_gdH2g1W.JPG
879,2015-04-12 17:03:01.897095+00,Piazza_Crispi_foto_6.jpg
879,2015-04-12 17:02:32.224951+00,Piazza_sebastiano_satta_foto_1_Iwx8EVO.jpg
879,2015-04-12 17:01:40.735309+00,Piazza_Su_Connottu_foto_2.jpg
879,2015-04-12 17:00:11.675383+00,Scalinata_Via_Matteotti_foto_3_7pfhtGc.jpg
879,2015-04-12 16:22:36.275467+00,Fontana_Piazza_Crispi_foto_5.jpg
879,2015-04-12 16:36:58.136553+00,Grafico_conoscenza_progetto_3.png
879,2015-04-12 16:37:32.478937+00,Grafico_indice_di_soddisfazione_lavori_effettuati_2.png
879,2015-04-12 16:38:12.895133+00,Grafico_Potenziamento_aspetto_delle_piazze_1.png
879,2015-04-12 16:38:44.176506+00,Grafico_soddisfazione_aspetto_architettonico-estetico_5.png
879,2015-04-12 16:40:50.939869+00,Piazza_sebastiano_satta_foto_1.jpg
879,2015-04-12 16:41:51.179512+00,Scalinata_Via_Matteotti_foto_3.jpg
885,2015-03-26 11:20:42.181845+00,IMG_0951.JPG
885,2015-03-27 10:54:12.875115+00,IMG-20150327-WA0000.jpg
889,2015-03-27 21:22:29.364829+00,11073015_10204416119589209_2097465853_n.jpg
889,2015-03-27 21:23:29.848304+00,11081580_10204416122589284_573167396_n.jpg
889,2015-03-27 21:23:49.658225+00,11081788_10204416119669211_1350408640_n.jpg
889,2015-03-27 21:27:52.709158+00,11092731_10204416122549283_345842328_n.jpg
889,2015-03-27 21:24:27.544145+00,Copia_di_11084578_10204416120109222_420098111_n.jpg
889,2015-03-27 21:24:52.027675+00,Copia_di_11088254_10204416121789264_2081294200_n.jpg
889,2015-03-27 21:21:36.090299+00,Copia_di_11091182_10204416122469281_1188184371_n.jpg
889,2015-03-27 21:25:15.922901+00,11081788_10204416119669211_1350408640_n_0e7vVHG.jpg
889,2015-03-27 21:25:37.301661+00,11081580_10204416122589284_573167396_n_DkiGoKI.jpg
889,2015-03-27 21:26:01.715867+00,Copia_di_11084578_10204416120109222_420098111_n_B93lm3l.jpg
889,2015-03-27 21:26:20.088275+00,11081580_10204416122589284_573167396_n_hnlgsEf.jpg
889,2015-03-27 21:26:44.657467+00,11079813_10204416120509232_1321319921_n.jpg
915,2015-03-22 13:20:17.063033+00,verbale_sospensione_lavori.pdf
915,2015-03-22 13:22:59.767437+00,verbale_sospensione_lavori_DUdLNB9.pdf
915,2015-03-22 13:28:13.8943+00,Verbale_Constatazione_01.pdf
915,2015-03-22 13:43:36.70494+00,DSCN3617.JPG
915,2015-03-25 18:00:00.042167+00,412_II_STRALCIO_PRE_quadro_economico.xls
915,2015-03-25 18:06:51.134297+00,412_II_STRALCIO_PRE_quadro_economico_tot0oHZ.xls
915,2015-03-25 18:26:55.360954+00,DSCN3617_hOZl54s.JPG
915,2015-03-25 18:32:02.982298+00,T2eC16NHJGoE9nuQeRyuBQ7NwleQ60_35.JPG
915,2015-03-25 18:32:24.788665+00,T2eC16NHJGoE9nuQeRyuBQ7NwleQ60_35_aeGlZg4.JPG
915,2015-03-27 13:18:56.878939+00,412_II_STRALCIO_PRE_quadro_economico_UEQGBtP.xls
930,2015-04-13 08:37:39.489792+00,3_OT3QMGJ.jpg
930,2015-04-13 08:36:20.92603+00,GetAttachment.aspx_GWo9nrd.jpg
930,2015-04-13 08:35:26.536593+00,GetAttachment.aspx.jpg
930,2015-04-13 08:36:57.483429+00,3.jpg
940,2015-04-14 07:33:13.237301+00,DSC_0337.JPG
940,2015-04-14 07:33:21.824455+00,DSC_0342.JPG
940,2015-04-14 07:34:15.438449+00,DSC_0344.JPG
940,2015-04-14 07:35:00.132003+00,DSC_0348_8gzs9J3.JPG
940,2015-04-14 07:34:50.165159+00,DSC_0348.JPG
940,2015-04-14 07:35:36.124824+00,DSC_0355.JPG
940,2015-04-14 07:36:27.024376+00,DSC_0366.JPG
940,2015-04-14 07:37:11.769042+00,DSC_0367.JPG
940,2015-04-14 07:38:34.051537+00,DSC_0368.JPG
940,2015-04-14 07:39:14.766033+00,DSC_0372.JPG
940,2015-04-14 07:39:59.435228+00,DSC_0374.JPG
940,2015-04-14 07:41:42.562158+00,DSC_0375.JPG
940,2015-04-14 07:42:22.693061+00,DSC_0376.JPG
940,2015-04-14 07:43:11.373449+00,DSC_0379.JPG
940,2015-04-14 07:44:16.103185+00,DSC_0385.JPG
940,2015-04-14 07:44:46.404659+00,DSC_0389.JPG
940,2015-04-14 07:45:28.000687+00,DSC_0392.JPG
940,2015-04-14 07:46:02.586481+00,DSC_0394.JPG
940,2015-04-14 07:47:04.104581+00,DSC_0395.JPG
940,2015-04-14 07:48:13.345146+00,DSC_0396.JPG
940,2015-04-14 07:47:41.247858+00,DSC_0397.JPG
940,2015-04-14 07:49:03.996724+00,DSC_0402.JPG
940,2015-04-14 07:49:54.110513+00,DSC_0405.JPG
940,2015-04-14 07:50:43.558371+00,DSC_0406.JPG
940,2015-04-14 07:51:32.403169+00,DSC_0409.JPG
940,2015-04-14 07:57:55.459582+00,europa_2.jpg
940,2015-04-14 07:55:52.100934+00,san_paolo.jpg
940,2015-04-14 07:58:29.705309+00,europa_2_4GL3fsD.jpg
942,2015-04-15 13:16:20.123544+00,1_tMV8q6W.jpg
942,2015-04-15 10:55:12.904706+00,1.jpg
942,2015-04-15 13:18:11.894818+00,2_1Z72iZD.jpg
942,2015-04-15 10:55:41.85348+00,2.jpg
942,2015-04-15 13:17:16.500575+00,4.jpg
942,2015-04-15 13:17:33.050895+00,5.jpg
942,2015-04-15 10:56:36.754416+00,6.jpg
952,2015-04-16 09:40:39.046221+00,DSC_6772.JPG
952,2015-04-16 09:37:59.326545+00,DSC_6820.JPG
953,2015-04-16 16:21:15.860204+00,al_lavoro.jpg
953,2015-04-16 16:34:44.632631+00,canvas_3_A_biotecnologico-page0001.jpg
953,2015-04-16 16:21:38.857251+00,da_visualizzare.jpg
953,2015-04-16 16:36:04.888694+00,DOMANDE_QUALITY_FOR.doc
953,2015-04-16 16:36:38.053126+00,Domande_sindaco.doc
953,2015-04-16 16:27:39.659503+00,foto_laboratorio_i1dniKs.jpg
953,2015-04-16 16:05:54.209066+00,foto_lampadina.jpg
953,2015-04-16 15:57:41.287444+00,IMG-20150121-WA0024.jpg
953,2015-04-16 16:17:44.607398+00,in_evidenza.jpg
953,2015-04-16 16:17:20.354337+00,insegna.jpg
953,2015-04-16 16:02:17.672698+00,open_data_day_3.jpg
953,2015-04-16 16:03:40.547571+00,open_data_day.jpg
953,2015-04-16 16:19:48.141471+00,si_parte.jpg
953,2015-04-16 16:26:44.860025+00,sindaco_ygK4Li1.jpg
953,2015-04-16 16:05:25.418384+00,foto_laboratorio.jpg
953,2015-04-16 16:22:42.292292+00,sindaco.jpg
956,2015-04-18 06:24:16.986092+00,report_scuola_opencoesione.docx
956,2015-04-18 07:16:33.951669+00,REPORT_INTERVISTE.doc
956,,Screen_Shot_2015-04-18_at_11.06.48_AM_seN5DAv.png
956,,Screen_Shot_2015-04-18_at_11.06.15_AM_z2zGTLH.png
961,2015-04-20 21:07:16.603934+00,SAM_0401_Jzzd5Ns.JPG
961,2015-04-20 20:43:16.554954+00,SAM_0401.JPG
961,2015-04-20 21:18:31.671261+00,SAM_0332.JPG
965,2015-04-18 06:50:35.863694+00,img1.jpg
965,2015-04-18 06:50:18.313934+00,img3.jpg
965,2015-04-18 06:51:10.398468+00,img4.jpg
965,2015-04-18 06:50:53.865826+00,img5.jpg
966,2015-04-20 09:43:57.470777+00,Corriere_Meridionale_50.jpg
966,2015-04-18 07:42:39.195205+00,IMG-20150416-WA0009.jpg
966,2015-04-18 07:44:35.317922+00,IMG-20150416-WA0016.jpg
966,2015-04-18 07:43:39.293602+00,IMG-20150416-WA0017.jpg
966,2015-04-18 07:43:17.120337+00,IMG-20150416-WA0021.jpg
966,2015-04-18 07:40:53.874017+00,IMG-20150416-WA0022.jpg
966,2015-04-19 16:16:07.213419+00,IMG-20150416-WA0023.jpg
966,2015-04-20 09:45:50.454339+00,Libro_del_1600_2.jpg
966,2015-04-19 16:14:13.412818+00,100_2245.jpg
970,2015-04-19 12:51:10.281133+00,01.jpg
970,2015-04-19 12:58:59.904627+00,02_9GJNdzc.jpg
970,2015-04-19 11:48:23.020834+00,03.jpg
970,2015-04-19 11:45:58.02723+00,04.jpg
970,2015-04-19 12:49:55.65238+00,05.jpg
970,2015-04-19 12:57:19.568901+00,g01.jpg
970,2015-04-19 12:57:34.795894+00,g02.jpg
970,2015-04-19 12:57:50.135485+00,g03.jpg
970,2015-04-19 12:58:03.679651+00,g04.jpg
970,2015-04-19 12:58:17.29106+00,g05.jpg
970,2015-04-19 12:44:40.120392+00,PGTU_Monserrato.pdf
970,2015-04-19 11:47:42.79103+00,02.jpg
970,2015-04-19 12:03:50.834228+00,02_AVjFF3s.jpg
976,2015-04-20 10:08:16.498976+00,IMG_7097-300x204.jpg
976,2015-04-20 10:22:17.125359+00,IMG_7353-300x200.jpg
976,2015-04-20 10:06:59.078644+00,OspedaliBraAlba-600x288.png
981,2015-04-26 06:57:58.337296+00,11012851_10153039184328503_2915814918159679900_n1.jpg
981,2015-04-26 06:58:22.235896+00,11117540_757734891006847_2102574277_n_SPkqxsN.jpg
981,2015-04-26 06:58:43.454195+00,11160505_757737534339916_625111470_n.jpg
981,2015-04-25 22:28:36.989557+00,IMG_1943.jpg
981,2015-04-25 22:30:08.458046+00,IMG_1958.jpg
981,2015-04-25 22:33:09.128373+00,IMG_1967.jpg
981,2015-04-25 22:36:25.901005+00,IMG_2017.JPG
981,2015-04-26 06:51:20.349797+00,IMG_3082_cIh10Rk.JPG
981,2015-04-26 06:51:54.042587+00,IMG_3091_Ly7jfp8.JPG
981,2015-04-26 06:52:37.96664+00,IMG_3100.JPG
981,2015-04-25 22:26:26.394179+00,11117540_757734891006847_2102574277_n.jpg
981,2015-04-26 06:47:19.55551+00,IMG_3082.JPG
981,2015-04-26 06:49:22.886508+00,IMG_3091.JPG
981,2015-04-26 06:50:37.62713+00,IMG_3082_gFwptTh.JPG
982,2015-04-26 06:57:58.337296+00,11012851_10153039184328503_2915814918159679900_n1.jpg
982,2015-04-26 06:58:22.235896+00,11117540_757734891006847_2102574277_n_SPkqxsN.jpg
982,2015-04-26 06:58:43.454195+00,11160505_757737534339916_625111470_n.jpg
982,2015-04-25 22:28:36.989557+00,IMG_1943.jpg
982,2015-04-25 22:30:08.458046+00,IMG_1958.jpg
982,2015-04-25 22:33:09.128373+00,IMG_1967.jpg
982,2015-04-25 22:36:25.901005+00,IMG_2017.JPG
982,2015-04-26 06:51:20.349797+00,IMG_3082_cIh10Rk.JPG
982,2015-04-26 06:51:54.042587+00,IMG_3091_Ly7jfp8.JPG
982,2015-04-26 06:52:37.96664+00,IMG_3100.JPG
982,2015-04-25 22:26:26.394179+00,11117540_757734891006847_2102574277_n.jpg
982,2015-04-26 06:47:19.55551+00,IMG_3082.JPG
982,2015-04-26 06:49:22.886508+00,IMG_3091.JPG
982,2015-04-26 06:50:37.62713+00,IMG_3082_gFwptTh.JPG
983,2015-04-26 06:57:58.337296+00,11012851_10153039184328503_2915814918159679900_n1.jpg
983,2015-04-26 06:58:22.235896+00,11117540_757734891006847_2102574277_n_SPkqxsN.jpg
983,2015-04-26 06:58:43.454195+00,11160505_757737534339916_625111470_n.jpg
983,2015-04-25 22:28:36.989557+00,IMG_1943.jpg
983,2015-04-25 22:30:08.458046+00,IMG_1958.jpg
983,2015-04-25 22:33:09.128373+00,IMG_1967.jpg
983,2015-04-25 22:36:25.901005+00,IMG_2017.JPG
983,2015-04-26 06:51:20.349797+00,IMG_3082_cIh10Rk.JPG
983,2015-04-26 06:51:54.042587+00,IMG_3091_Ly7jfp8.JPG
983,2015-04-26 06:52:37.96664+00,IMG_3100.JPG
983,2015-04-25 22:26:26.394179+00,11117540_757734891006847_2102574277_n.jpg
983,2015-04-26 06:47:19.55551+00,IMG_3082.JPG
983,2015-04-26 06:49:22.886508+00,IMG_3091.JPG
983,2015-04-26 06:50:37.62713+00,IMG_3082_gFwptTh.JPG
986,2015-05-26 14:38:14.966787+00,area_nuovo_padiglione_prima_1_a9G0KCK.jpg
986,2015-05-26 14:40:22.849283+00,area_nuovo_padiglione_prima_2.jpg
986,2015-05-26 14:41:04.081867+00,centro_congressi.jpg
986,2015-05-26 14:41:47.902116+00,manifestazione_interesse.png
986,2015-05-26 14:43:25.188953+00,mappa_fiera_thehub-1.png
986,2015-05-26 14:42:53.113058+00,mappa_fiera.jpg
986,2015-05-26 14:44:00.031947+00,nuovo_padiglione_in_costruzione.jpg
986,2015-05-26 14:44:36.57189+00,Nuovo_Padiglione_lato.jpg
986,2015-05-26 14:45:22.05659+00,padiglione_pianta.jpg
986,2015-05-26 14:46:08.086273+00,passeggiata_fiera.JPG
986,2015-05-26 14:46:58.794581+00,piano_fiera_pianta.jpg
986,2015-05-26 14:47:48.090038+00,piano_fiera_plastico.jpg
986,2015-09-19 20:24:01.238637+00,pianta_pianoterra_Garibaldi.pdf
986,2015-05-26 14:48:51.084821+00,Piantina_Fiera_pg.jpg
986,2015-05-26 14:51:53.892406+00,progetto_centro_congressi.jpg
986,2015-05-26 14:53:17.873285+00,pugliapromozione2.JPG
986,2015-05-26 14:53:34.890547+00,pugliapromozione3.JPG
986,2015-05-26 14:54:11.59436+00,x-scapeLab.jpg
986,2015-05-26 14:57:37.485424+00,zona_O_1.jpg
986,2015-05-26 14:58:35.623383+00,zona_O_2.jpg
986,2015-05-26 14:59:29.278654+00,zona_O_3.jpg
986,2015-05-26 14:38:14.159833+00,area_nuovo_padiglione_prima_1.jpg
986,2015-05-26 14:48:24.414609+00,pianta_fiera.jpg
986,2015-05-26 14:50:48.524595+00,planimetria_concorso_di_idee.pdf
986,2015-05-26 14:52:47.532516+00,pugliapromozione1.JPG
987,2015-05-04 12:03:08.251504+00,1_h7O47FN.jpg
987,2015-05-04 12:04:45.768863+00,2.png
987,2015-05-04 12:06:26.082741+00,3.png
987,2015-05-04 12:06:48.603707+00,4_0takKgr.jpg
987,2015-05-04 12:08:32.228271+00,5.png
987,2015-05-04 12:08:57.968165+00,6_S9dbeYz.jpg
987,2015-05-04 12:09:29.914869+00,7.jpg
987,2015-05-04 12:12:36.419627+00,8.png
988,2015-06-11 09:09:16.071567+00,DSC_0005.JPG
988,2015-06-11 09:17:08.090911+00,DSC_0008.JPG
988,2015-06-11 09:15:32.167674+00,DSC_0010.JPG
988,2015-06-11 09:20:27.805586+00,foto_5_giugno.jpg
989,2015-05-08 10:52:50.883256+00,P4140141-600x450.jpg
989,2015-05-08 10:52:03.458872+00,P4140152-600x450_SAtXLvc.jpg
989,2015-05-08 10:52:31.367584+00,P4140154-600x450.jpg
989,2015-05-08 10:44:36.769668+00,logo-BEM1.png
989,2015-05-08 10:49:59.01144+00,index.jpg
989,2015-05-08 10:50:26.76231+00,P4140152-600x450.jpg
989,2015-05-08 10:51:00.472126+00,P4140152-600x450_T0SWnsk.jpg
991,2015-05-26 14:38:14.966787+00,area_nuovo_padiglione_prima_1_a9G0KCK.jpg
991,2015-05-26 14:40:22.849283+00,area_nuovo_padiglione_prima_2.jpg
991,2015-05-26 14:41:04.081867+00,centro_congressi.jpg
991,2015-05-26 14:41:47.902116+00,manifestazione_interesse.png
991,2015-05-26 14:43:25.188953+00,mappa_fiera_thehub-1.png
991,2015-05-26 14:42:53.113058+00,mappa_fiera.jpg
991,2015-05-26 14:44:00.031947+00,nuovo_padiglione_in_costruzione.jpg
991,2015-05-26 14:44:36.57189+00,Nuovo_Padiglione_lato.jpg
991,2015-05-26 14:45:22.05659+00,padiglione_pianta.jpg
991,2015-05-26 14:46:08.086273+00,passeggiata_fiera.JPG
991,2015-05-26 14:46:58.794581+00,piano_fiera_pianta.jpg
991,2015-05-26 14:47:48.090038+00,piano_fiera_plastico.jpg
991,2015-09-19 20:24:01.238637+00,pianta_pianoterra_Garibaldi.pdf
991,2015-05-26 14:48:51.084821+00,Piantina_Fiera_pg.jpg
991,2015-05-26 14:51:53.892406+00,progetto_centro_congressi.jpg
991,2015-05-26 14:53:17.873285+00,pugliapromozione2.JPG
991,2015-05-26 14:53:34.890547+00,pugliapromozione3.JPG
991,2015-05-26 14:54:11.59436+00,x-scapeLab.jpg
991,2015-05-26 14:57:37.485424+00,zona_O_1.jpg
991,2015-05-26 14:58:35.623383+00,zona_O_2.jpg
991,2015-05-26 14:59:29.278654+00,zona_O_3.jpg
991,2015-05-26 14:38:14.159833+00,area_nuovo_padiglione_prima_1.jpg
991,2015-05-26 14:48:24.414609+00,pianta_fiera.jpg
991,2015-05-26 14:50:48.524595+00,planimetria_concorso_di_idee.pdf
991,2015-05-26 14:52:47.532516+00,pugliapromozione1.JPG
992,2015-05-26 14:38:14.966787+00,area_nuovo_padiglione_prima_1_a9G0KCK.jpg
992,2015-05-26 14:40:22.849283+00,area_nuovo_padiglione_prima_2.jpg
992,2015-05-26 14:41:04.081867+00,centro_congressi.jpg
992,2015-05-26 14:41:47.902116+00,manifestazione_interesse.png
992,2015-05-26 14:43:25.188953+00,mappa_fiera_thehub-1.png
992,2015-05-26 14:42:53.113058+00,mappa_fiera.jpg
992,2015-05-26 14:44:00.031947+00,nuovo_padiglione_in_costruzione.jpg
992,2015-05-26 14:44:36.57189+00,Nuovo_Padiglione_lato.jpg
992,2015-05-26 14:45:22.05659+00,padiglione_pianta.jpg
992,2015-05-26 14:46:08.086273+00,passeggiata_fiera.JPG
992,2015-05-26 14:46:58.794581+00,piano_fiera_pianta.jpg
992,2015-05-26 14:47:48.090038+00,piano_fiera_plastico.jpg
992,2015-09-19 20:24:01.238637+00,pianta_pianoterra_Garibaldi.pdf
992,2015-05-26 14:48:51.084821+00,Piantina_Fiera_pg.jpg
992,2015-05-26 14:51:53.892406+00,progetto_centro_congressi.jpg
992,2015-05-26 14:53:17.873285+00,pugliapromozione2.JPG
992,2015-05-26 14:53:34.890547+00,pugliapromozione3.JPG
992,2015-05-26 14:54:11.59436+00,x-scapeLab.jpg
992,2015-05-26 14:57:37.485424+00,zona_O_1.jpg
992,2015-05-26 14:58:35.623383+00,zona_O_2.jpg
992,2015-05-26 14:59:29.278654+00,zona_O_3.jpg
992,2015-05-26 14:38:14.159833+00,area_nuovo_padiglione_prima_1.jpg
992,2015-05-26 14:48:24.414609+00,pianta_fiera.jpg
992,2015-05-26 14:50:48.524595+00,planimetria_concorso_di_idee.pdf
992,2015-05-26 14:52:47.532516+00,pugliapromozione1.JPG
1007,2016-04-04 17:37:20.428156+00,fotodigruppoopencoesione.jpg
1013,2016-04-04 16:00:03.435578+00,Diapositiva1_6pbt8gb.JPG
1013,2016-04-04 15:47:00.600188+00,Diapositiva1.JPG
1013,2016-04-04 15:50:33.781769+00,Diapositiva10.JPG
1013,2016-04-04 15:51:05.366116+00,Diapositiva11.JPG
1013,2016-04-04 15:51:24.084445+00,Diapositiva12.JPG
1013,2016-04-04 16:06:02.446039+00,Diapositiva2_w943BJr.JPG
1013,2016-04-04 15:47:18.939813+00,Diapositiva2.JPG
1013,2016-04-04 15:47:38.541796+00,Diapositiva3_c69zcsQ.JPG
1013,2016-04-04 16:06:14.716276+00,Diapositiva3_wXZNI6E.JPG
1013,2016-04-04 16:06:27.739456+00,Diapositiva4_oTuw1ml.JPG
1013,2016-04-04 15:47:56.193811+00,Diapositiva4.JPG
1013,2016-04-04 16:06:40.36245+00,Diapositiva5_1EldXZj.JPG
1013,2016-04-04 15:48:11.470338+00,Diapositiva5_BK37OQs.JPG
1013,2016-04-04 16:06:52.942818+00,Diapositiva6_rXKGuSM.JPG
1013,2016-04-04 15:48:28.696378+00,Diapositiva6.JPG
1013,2016-04-04 15:48:52.643517+00,Diapositiva7_thg3qaG.JPG
1013,2016-04-04 15:49:16.048336+00,Diapositiva8.JPG
1013,2016-04-04 15:50:16.678848+00,Diapositiva9_e3l7lfK.JPG
1013,2016-03-30 15:48:49.418494+00,dopo_francesco_e_durante_ivan_1.jpg
1013,2016-03-30 15:31:37.125151+00,Il_progetto_in_dettaglio..pptx
1013,2016-03-30 15:41:19.617359+00,Il_progetto_in_dettaglio._8LGNhAU.pptx
1013,2016-03-30 15:44:16.707039+00,Il_progetto_in_dettaglio..ppt
1013,2016-03-30 15:46:47.629804+00,questionario_aziende.docx
1013,2016-04-03 16:13:45.981637+00,Diapositiva3.JPG
1013,2016-04-03 16:14:04.834074+00,Diapositiva5.JPG
1013,2016-04-03 16:14:31.996373+00,Diapositiva7.JPG
1013,2016-04-03 16:14:54.744009+00,Diapositiva9.JPG
1013,2016-04-03 16:15:13.522403+00,Diapositiva13.JPG
1013,2016-04-04 15:49:32.865484+00,Diapositiva8_CQTsmkr.JPG
1013,2016-04-04 16:00:17.360674+00,Diapositiva2_MHByrj9.JPG
1013,2016-04-04 16:00:29.16876+00,Diapositiva3_cssnAil.JPG
1013,2016-04-04 16:00:57.526535+00,Diapositiva4_Q8CbJzl.JPG
1013,2016-04-04 16:01:12.08947+00,Diapositiva5_PiMycYq.JPG
1013,2016-04-04 16:01:25.273724+00,Diapositiva6_t6DseOm.JPG
1014,2016-04-02 15:56:02.114932+00,Cala_i_manu_WEB.JPG
1014,2016-04-02 15:42:10.673415+00,IMG-20160322-WA0023.jpg
1014,2016-04-02 15:40:48.60815+00,IMG-20160322-WA0037.jpg
1014,2016-04-02 15:42:33.960836+00,IMG-20160322-WA0040.jpg
1014,2016-04-02 15:46:18.193694+00,index_a1jRfSh.jpg
1014,2016-04-02 15:41:35.252154+00,index2.jpg
1017,2016-03-16 16:02:36.960308+00,10178243_572728699541335_1686273118_n.jpg
1017,2016-03-16 16:03:11.12328+00,11998790_572728696208002_345308844_n.jpg
1017,2016-03-16 16:03:25.649753+00,12226397_572729139541291_1404231012_n.jpg
1017,2016-03-16 16:03:45.027517+00,12324919_572728796207992_8774342_n.jpg
1017,2016-03-16 16:03:59.193723+00,12380527_572728969541308_302390397_n.jpg
1017,2016-03-16 16:04:18.326417+00,12380581_572728706208001_708078863_n.jpg
1017,2016-03-16 16:04:56.329749+00,12442773_572728852874653_611624726_n.jpg
1017,2016-03-16 16:05:12.819683+00,12443093_572729126207959_1227383801_n.jpg
1017,2016-03-16 16:05:37.026428+00,12443268_572729022874636_389833958_n.jpg
1017,2016-03-16 16:06:48.166628+00,12476143_572728829541322_280703694_n.jpg
1017,2016-03-16 16:07:08.748279+00,12498926_572728886207983_765702486_n.jpg
1017,2016-03-16 16:07:39.077478+00,12499000_572728866207985_1075722157_n.jpg
1017,2016-03-16 16:07:59.886771+00,12516116_572728786207993_356044049_n.jpg
1017,2016-03-16 16:08:48.749777+00,12516350_572728922874646_1332550226_n.jpg
1017,2016-03-16 16:09:04.514591+00,12516415_572728816207990_2100237856_n.jpg
1017,2016-03-16 16:09:20.814773+00,12674490_572728896207982_961843428_n.jpg
1017,2016-03-16 16:09:36.659692+00,12674561_572728912874647_1346073071_n.jpg
1017,2016-03-16 16:09:46.487107+00,12674562_572728792874659_2126423240_n.jpg
1017,2016-03-16 16:10:04.7752+00,12721543_572728846207987_274201162_n.jpg
1017,2016-03-16 16:10:15.229856+00,12721608_572728936207978_946109875_n.jpg
1017,2016-03-16 16:10:28.346004+00,12721749_572729009541304_724107892_n.jpg
1017,2016-03-16 16:10:41.339796+00,12721990_572728729541332_1784277814_n.jpg
1017,2016-03-16 16:11:30.210827+00,12722002_572728752874663_241068374_n.jpg
1017,2016-03-16 16:11:39.635969+00,12722003_572728899541315_111403515_n.jpg
1017,2016-03-16 16:11:53.620639+00,12804040_572728766207995_473137696_n.jpg
1017,2016-03-16 16:12:17.594148+00,12804302_572728962874642_1725872112_n.jpg
1017,2016-03-16 16:12:39.481475+00,12833204_572729102874628_1826530459_n.jpg
1017,2016-03-16 16:11:00.204616+00,12834743_572728992874639_1238575040_n.jpg
1023,2016-03-22 17:39:09.66047+00,Foto_SGYd7Nb.zip
1023,2016-03-15 12:03:23.836988+00,QUESTIONARIO_PER_LA_RACCOLTA_DIFFERENZIATA_piria.docx
1023,2016-03-22 17:34:07.867783+00,Foto.zip
1023,2016-03-22 17:36:27.90048+00,IMG-20160321-WA0013.jpg
1023,2016-03-22 17:37:04.385864+00,IMG-20160321-WA0014.jpg
1028,2016-03-30 08:52:37.725535+00,copertina_APlBIYS.jpg
1028,2016-03-30 08:25:53.6816+00,grafico_1_Ls6wbFH.png
1028,2016-03-30 08:26:06.994735+00,grafico_2_DEOZZvE.png
1028,2016-03-30 08:23:42.679453+00,isola_ecologica_1.jpg
1028,2016-03-30 08:23:57.768586+00,isola_ecologica_2.jpg
1028,2016-03-30 08:22:42.873667+00,visita_ccr_1.jpg
1028,2016-03-30 08:23:02.998509+00,visita_ccr_2.jpg
1028,2016-03-30 08:23:21.86644+00,visita_ccr_3.jpg
1028,2016-03-30 08:24:32.334684+00,grafico_1.png
1028,2016-03-30 08:24:56.939423+00,grafico_2.png
1028,2016-03-30 08:52:03.347476+00,copertina.jpg
1033,2016-03-30 14:37:55.974646+00,12915038_1155125494520125_71659151_o.png
1033,2016-03-30 14:39:06.286611+00,IMG_0161.MOV
1033,2016-03-30 15:26:14.706055+00,IMG_0166.MOV
1033,2016-03-30 14:15:39.634722+00,IMG_0174.JPG
1033,2016-03-30 14:19:45.241069+00,IMG_0170.JPG
1036,2016-04-13 20:51:35.319739+00,1769_cabina_Flirt.jpg
1036,2016-04-13 20:54:38.674833+00,2016-03-17_16.17.47.jpg
1036,2016-04-13 20:45:36.62026+00,Flirt.jpg
1036,2016-03-30 23:45:00.016435+00,incontro-con-ingegneri-14-638.jpg
1036,2016-03-30 23:41:51.35213+00,incontro-con-ingegneri-21-638.jpg
1036,2016-04-13 20:47:40.612839+00,Rapporto_Annuale_di_Esecuzione_FSC_2014.pdf
1036,2016-04-13 20:50:19.371996+00,dgr_2625_comunicazGiunta_Intesa_FMV.pdf
1037,2016-04-03 06:45:42.704501+00,image_2.jpg
1037,2016-04-03 06:53:06.780278+00,IMG_5341.JPG
1037,2016-04-03 06:54:21.818727+00,IMG_5343.JPG
1037,2016-04-03 06:58:12.699397+00,IMG_5361.JPG
1037,2016-04-03 06:56:01.300045+00,IMG_5369.JPG
1037,2016-04-03 07:00:05.554389+00,IMG_5375.JPG
1037,2016-04-03 07:13:34.646927+00,Immagine1.jpg
1037,2016-04-03 07:13:57.942621+00,Immagine2.jpg
1040,2016-04-04 16:54:21.696236+00,2BF7BA72-67A7-45D7-BE21-6682875E8171.jpg
1040,2016-04-04 16:54:54.716258+00,98647317-D479-4D8A-A9A3-DC1B14194089.jpg
1040,2016-04-04 16:55:09.491484+00,A7008007-9EC9-43EA-A00F-A64F0616FA76.jpg
1041,2016-04-03 08:16:40.922123+00,12921106_565495770291735_58717870_n.jpg
1041,2016-04-03 08:16:10.203048+00,1604390_212200239148290_1595510526801257576_n.jpg
1041,2016-04-03 08:15:22.770643+00,9157_203003143401333_5721251764246991176_n.jpg
1041,2016-04-03 08:15:49.940257+00,940910_212200242481623_7127017368708651643_n.jpg
1041,2016-04-03 08:17:52.971747+00,intervista1.jpg
1041,2016-04-03 08:17:20.115442+00,intervista2.jpg
1044,2016-04-01 00:10:45.558643+00,Biblioteca1.JPG
1044,2016-04-01 00:09:03.364348+00,Biblioteca3.JPG
1044,2016-04-01 00:18:16.68999+00,doc1.JPG
1044,2016-04-01 00:19:23.687896+00,Foto_Gruppo.JPG
1044,2016-04-01 00:24:35.875893+00,IMG_4347.JPG
1044,2016-04-01 00:31:02.149479+00,IMG_4365.JPG
1044,2016-04-01 00:29:20.371787+00,IMG_4583.JPG
1044,2016-04-01 00:15:09.183935+00,doc1.pdf
1051,2016-04-04 16:50:25.413269+00,testo_deadline_04-04.docx
1052,2016-04-02 10:19:15.676224+00,Copia_di_cartello_di_cantiere_stadio.JPG
1052,2016-04-02 10:03:08.341337+00,Copia_di_spiegazione_generale_dello_stadio.JPG
1052,2016-04-02 10:01:36.925199+00,stadio.JPG
1055,2016-04-02 09:59:18.225557+00,interno2.jpg
1058,2016-04-04 15:22:05.38521+00,Infografica-1.gif
1058,2016-04-04 15:24:36.136067+00,infografica-2.gif
1058,2016-04-04 15:26:49.004443+00,infografica-3.gif
1058,2016-04-04 15:30:38.484194+00,infografica-4.gif
1058,2016-04-04 15:32:17.226837+00,infografica-5.gif
1058,2016-04-04 15:34:10.900074+00,infografica-6.gif
1058,2016-04-04 15:35:50.681373+00,infografica-7.gif
1062,2016-04-04 08:56:28.796153+00,F._1_Ing._e_Arch._progetto.JPG
1062,2016-04-04 08:57:16.709268+00,F._2_Respons._prog._ed_alunni.JPG
1062,2016-04-04 08:59:15.557695+00,F._3_Parte_del_prog..jpg
1062,2016-04-04 09:03:51.223552+00,F._4_Parte_del_prog..jpg
1062,2016-04-04 09:06:40.720667+00,F._5_Parte_del_prog..jpg
1062,2016-04-04 09:10:44.248523+00,F._6_Parte_del_prog..jpg
1062,2016-04-04 09:21:58.898601+00,F._7_Responsabili_ed_alunni.jpg
1062,2016-04-04 09:45:22.875053+00,F._8_Reti_paramassi_litoranea.JPG
1062,2016-04-04 09:56:27.388934+00,F._9_Reti_paramassi_litoranea_2.JPG
1062,2016-04-03 15:11:26.442641+00,MARE.mpg
1064,2016-04-02 15:25:35.178835+00,Ciclostazione_Bike_Sharing_-_Napoli.jpg
1064,2016-04-02 15:23:27.960498+00,Dati_Bike_Sharing_2.jpg
1064,2016-04-02 15:28:02.753138+00,Dati_Bike_Sharing_3.jpg
1065,2016-04-03 19:39:33.614244+00,WIN_20160402_15_51_30_Pro.jpg
1065,2016-04-03 19:40:01.7576+00,WIN_20160402_15_51_52_Pro.jpg
1065,2016-04-03 19:40:25.76281+00,WIN_20160402_15_51_55_Pro.jpg
1065,2016-04-03 19:41:00.707351+00,WIN_20160402_15_52_09_Pro.jpg
1065,2016-04-03 19:41:20.40583+00,WIN_20160402_15_54_28_Pro.jpg
1066,2016-04-03 18:13:15.878445+00,oprea.bmp
1067,2016-04-03 18:17:01.7668+00,abbazia_2
1067,2016-04-03 18:17:36.223565+00,abbazia4
1067,2016-04-03 18:17:56.30138+00,cancello
1067,2016-04-03 18:18:29.691411+00,medioevo
1067,2016-04-03 18:19:13.505145+00,piede_teo
1067,2016-04-03 18:20:11.862937+00,sist_di_ill
1067,2016-04-03 18:21:39.279368+00,telecamera
1067,2016-04-03 18:22:06.675991+00,tubi
1067,2016-04-03 18:15:48.081568+00,tubi_4
1067,2016-04-04 13:52:35.862531+00,tubi4
1067,2016-04-03 18:26:10.266875+00,tubo5
1067,2016-04-03 18:27:03.844119+00,vecchia_ristrutturazione
1067,2016-04-03 18:28:13.268735+00,vialetto
1067,2016-04-03 18:22:51.497766+00,tubi_4_7stdrWG
1067,2016-04-03 18:24:33.854963+00,tubi2
1067,2016-04-03 18:29:51.511751+00,tubo5_5g4jYHU
1068,2016-04-03 19:02:28.924639+00,FILMATO_FINALE.wlmp
1068,2016-04-03 19:03:21.847918+00,FILMATO_FINALE_OyH03XT.wlmp
1068,2016-04-03 20:32:58.474893+00,FILMATO_FINALE.mp4
1073,2016-04-04 09:52:25.748528+00,yuo.jpg
1075,2016-04-04 13:20:12.133036+00,Aeroporto_aerea_progetto.jpg
1075,2016-04-04 13:21:30.348005+00,Backstage_intervista_asoc.jpg
1075,2016-04-04 13:21:48.340972+00,Intervista_asoc.jpg
1075,2016-04-04 13:24:25.004149+00,Lavori_1.jpg
1075,2016-04-04 13:24:54.078823+00,Lavori_2.jpg
1075,2016-04-04 13:21:10.679726+00,Pista_aeroporto.jpg
1075,2016-04-04 13:19:41.457264+00,Planimetria.jpg
1075,2016-04-04 13:20:40.146468+00,Spiegazione_planimetria.jpg
1075,2016-04-04 19:34:40.729821+00,VID-20160404-WA0012.mp4
1077,2016-04-04 10:52:17.28139+00,bando_CUV.png
1077,2016-04-04 10:47:31.580171+00,IMG-20160317-WA0001.jpg
1077,2016-04-04 10:46:04.569281+00,IMG-20160317-WA0005.jpg
1077,2016-04-04 10:46:39.699585+00,IMG-20160330-WA0026.jpg
1077,2016-04-04 10:48:03.078586+00,IMG-20160403-WA0009.jpg
1077,2016-04-04 10:42:50.141862+00,IMG-20160403-WA0014.jpg
1077,2016-04-04 10:48:41.291397+00,IMG-20160403-WA0032.jpg
1077,2016-04-04 10:50:46.108174+00,IMG-20160403-WA0038.jpg
1077,2016-04-04 10:49:28.851062+00,IMG-20160403-WA0048.jpg
1077,2016-04-04 10:49:08.480064+00,IMG-20160403-WA0049.jpg
1077,2016-04-04 10:50:12.472502+00,IMG-20160403-WA0053.jpg
1077,2016-04-04 11:00:13.865334+00,IMG-20160403-WA0063.png
1077,2016-04-04 10:44:38.208312+00,IMG-20160403-WA0066.jpg
1077,2016-04-04 10:51:41.660378+00,IMG-20160403-WA0067.jpg
1080,2016-04-05 07:07:09.886358+00,andrea_cicc_FILEminimizer.jpg
1080,2016-04-05 07:08:32.268848+00,fermatraffico_FILEminimizer.jpg
1080,2016-04-05 07:08:51.405018+00,giardino_assasinati_FILEminimizer.jpg
1080,2016-04-05 07:09:11.959185+00,illuminazione_FILEminimizer.jpg
1080,2016-04-05 07:09:29.069286+00,in_azione_FILEminimizer.jpg
1080,2016-04-05 07:09:44.486825+00,pavfontana_FILEminimizer.jpg
1080,2016-04-05 07:09:57.750792+00,pavimento_FILEminimizer.jpg
1082,2016-04-04 15:16:04.679832+00,servizi_incontro_dom_off_sintetica_eyG5Ke6.pdf
1082,2016-04-04 15:14:31.867939+00,servizi_incontro_dom_off_sintetica.pdf
1084,2016-04-04 17:16:31.667313+00,20160302_114553_1.jpg
1084,2016-04-04 17:04:00.556619+00,IMG_3539.JPG
1084,2016-04-04 17:07:12.556726+00,IMG_4207.JPG
1084,2016-04-04 17:12:10.287185+00,IMG_4343.JPG
1084,2016-04-04 17:14:19.50806+00,Render.png
1084,2016-04-04 17:08:50.608894+00,sopralluogo_trincerone.png
1084,2016-04-04 17:10:36.58344+00,Trincerone_1.jpg
1085,2016-04-04 17:38:09.714057+00,12491924_1018322774895115_7355488178613636499_o.jpg
1085,2016-04-04 17:36:57.054328+00,12795312_982462635173911_4466530340625371794_n.jpg
1085,2016-04-04 17:38:51.571197+00,20160125_103108.jpg
1086,2016-04-04 18:56:59.388443+00,4_TIMELINE_1.png
1086,2016-04-04 18:57:59.761669+00,a_museo_virtuale.PNG
1086,2016-04-04 19:30:18.790855+00,A_Scuola_di_Open_Coesione_-_Copia_ec2g4zt.pdf
1086,2016-04-04 19:08:08.541632+00,b_IMG-20160331-WA0008.jpg
1086,2016-04-04 19:16:56.462572+00,IMG-20160402-WA0010.jpg
1086,2016-04-04 19:17:35.698705+00,IMG-20160402-WA0016.jpg
1086,2016-04-04 18:59:56.344965+00,INFOGRAFICA_udKP4si.jpg
1086,2016-04-04 18:58:54.294245+00,lazio_innova_clOfITY.PNG
1086,2016-04-04 18:40:01.972065+00,INFOGRAFICA.jpg
1086,2016-04-04 18:55:58.525007+00,lazio_innova.PNG
1086,2016-04-04 19:06:24.470543+00,A_Scuola_di_Open_Coesione_-_Copia.pptx
1086,2016-04-04 19:13:46.829629+00,A_Scuola_di_Open_Coesione_-_Copia_KoDkYZv.pptx
1086,2016-04-04 19:24:24.035284+00,A_Scuola_di_Open_Coesione_-_Copia.pdf
1090,2016-04-10 18:29:34.864106+00,DSCF6203.JPG
1090,2016-04-10 18:44:54.883976+00,DSCF6205.JPG
1090,2016-04-10 18:41:55.779977+00,DSCF6208.JPG
1090,2016-04-10 18:47:01.051011+00,DSCF6220.JPG
1090,2016-04-10 18:50:34.742599+00,DSCF6226.JPG
1090,2016-04-10 18:33:00.813198+00,DSCF6204.JPG
1090,2016-04-10 18:38:12.5043+00,DSCF6225.JPG
1093,2016-04-06 13:26:33.884742+00,DSCN0565.JPG
1093,2016-04-06 13:28:47.85766+00,DSCN0548.JPG
1093,2016-04-06 13:30:46.086482+00,DSCN0559.JPG
1093,2016-04-06 13:48:00.188379+00,asoc1.JPG
1093,2016-04-06 13:50:17.727011+00,asocjm_-_Copia.jpg
1096,2016-04-09 22:37:51.603596+00,dAndrea_2.PNG
1097,2016-04-13 16:23:42.46024+00,Opencoesione.mp4
1098,2016-01-22 11:58:04.02978+00,doc4.docx
1098,2016-01-22 12:10:02.382304+00,Logo_Caravaggio_co-openart_.docx
1101,2016-04-15 17:23:14.646383+00,WP_20160415_15_00_00_Pro.jpg
1101,,WP_20160415_15_13_39_Pro.jpg
1101,,WP_20160415_15_03_12_Pro.jpg
1112,2016-04-21 21:20:57.115218+00,tamilia_MpeJNdM.jpg
1112,2016-04-20 09:42:45.885743+00,13014989_942403872540817_590750446_n.jpg
1112,2016-04-21 15:45:52.519247+00,tamilia.jpg
1114,2016-03-31 08:08:29.040096+00,brochure.htm
1131,2017-03-27 15:51:29.273835+00,17342943_1506763212699655_6779805022273597860_n.jpg
1131,2017-03-27 15:51:15.938627+00,17498402_1509835159059127_7116470657940711729_n.jpg
1131,2017-03-27 15:50:56.529555+00,17499428_1509834869059156_1274977924593764215_n.jpg
1131,2017-03-27 15:53:42.415314+00,DSC_0003.JPG
1131,2017-03-27 15:48:25.556055+00,WhatsApp_Image_2017-03-27_at_16.53.20.jpeg
1131,2017-03-27 15:48:50.446262+00,WhatsApp_Image_2017-03-27_at_16.53.21.jpeg
1131,2017-03-27 15:49:17.661682+00,WhatsApp_Image_2017-03-27_at_16.53.22_1.jpeg
1131,2017-03-27 15:49:52.560162+00,WhatsApp_Image_2017-03-27_at_16.53.22.jpeg
1131,2017-03-27 15:50:23.991081+00,WhatsApp_Image_2017-03-27_at_16.53.23.jpeg
1131,2017-03-27 15:50:40.029708+00,WhatsApp_Image_2017-03-27_at_17.31.50.jpeg
1131,2017-03-27 15:42:42.788403+00,monithon.png
1131,2017-03-27 15:49:20.481249+00,WhatsApp_Image_2017-03-27_at_16.53.22_1_AxZmcsO.jpeg
1132,2017-03-29 07:54:18.494732+00,1.PNG
1132,2017-03-29 08:14:29.26648+00,17021457_912190982251006_6744243829151332449_n.jpg
1132,2017-03-29 08:10:19.979718+00,20170307_092033.jpg
1132,2017-03-29 07:56:50.168482+00,3.PNG
1132,2017-03-29 08:16:26.494778+00,Astragali.PNG
1132,2017-03-29 08:48:42.240433+00,DSC_026_OPo7cfF.JPG
1132,2017-03-29 08:00:10.761038+00,DSC_3765.jpg
1132,2017-03-29 08:02:58.183323+00,file_4288x2848_000200.jpg
1132,2017-03-29 08:11:51.10257+00,file_4288x2848_000501.jpg
1132,2017-03-29 08:32:06.571112+00,IMG-20170328-WA0034_ok31Rjx.jpg
1132,2017-03-29 08:32:58.290194+00,Page1.PNG
1132,2017-03-29 07:52:54.944305+00,timeline_4.PNG
1132,2017-03-29 08:27:35.374942+00,IMG-20170328-WA0034.jpg
1132,2017-03-29 08:36:56.761529+00,IMG-20170328-WA0064.pdn
1132,2017-03-29 08:40:10.085659+00,DSC_026.JPG
1133,2017-03-31 14:19:43.086026+00,foto_noi.jpg
1133,2017-03-31 14:20:07.75851+00,foto_volantini.jpg
1133,2017-03-31 14:19:10.910906+00,noi_che_ascoltiamo.jpg
1133,2017-03-31 14:18:06.174838+00,uomo_in_azione.jpg
1135,2017-03-24 18:00:01.893924+00,20170318_165158.jpg
1136,2017-03-25 14:58:48.658916+00,IMG-20170325-WA0002.jpg
1136,2017-03-25 15:11:11.078522+00,IMG-20170325-WA0018.jpg
1136,2017-03-25 15:10:07.138076+00,IMG-20170325-WA0021.jpg
1138,2017-03-20 05:56:22.112011+00,CALATIA.mpg
1138,2017-03-20 14:26:51.534247+00,Museo_Antica_Calatia.docx
1138,2017-03-22 17:55:19.546055+00,Gazzetta_Ufficiale.html
1138,2017-03-22 17:58:40.638942+00,Gazzetta_Ufficiale_SlnDfem.html
1138,2017-03-23 14:37:36.25655+00,Museo_Antica_Calatia_tBN5RcJ.docx
1138,2017-03-23 14:38:13.811628+00,Gazzetta_Ufficiale_SlnDfem_3.html
1138,,Museo_Antica_Calatia_tBN5RcJ_1ejAkSu.docx
1138,,Gazzetta_Ufficiale_SlnDfem_3_D3IglNl.html
1140,2017-04-03 14:30:52.774449+00,unnamed_11.jpg
1142,2017-03-26 18:16:32.779345+00,Domande_dirigenti1.jpg
1142,2017-03-26 18:15:04.840917+00,Domande_docenti_curriculari.jpg
1142,2017-03-26 18:13:27.058786+00,Domande_docenti_DAS.jpg
1142,2017-03-26 18:14:24.115141+00,Domande_studenti_DAS.jpg
1142,2017-03-26 18:17:38.507673+00,IMG-20170324-WA0010.jpg
1143,2017-03-27 16:53:30.847221+00,Panoramica_senza_titolo2.jpg
1144,2017-03-27 09:12:02.747688+00,16422613_1873802472879019_449827323882213608_o.jpg
1145,2017-03-28 15:24:46.574233+00,IMG_1135.JPG
1145,2017-03-28 15:23:18.528922+00,IMG_1165.JPG
1145,2017-03-28 15:25:13.641158+00,IMG_1166.JPG
1145,2017-03-28 15:25:37.063923+00,IMG_1167.JPG
1147,2017-03-28 13:12:39.082753+00,APERTURE_PRIMO_PIANO.png
1147,2017-03-28 13:07:31.70194+00,Convitto_ITAS_Alanno.jpg
1147,2017-03-28 13:08:18.662566+00,DIATONI.png
1147,2017-03-28 13:05:42.503248+00,MURO_PRIMO_PIANO.jpg
1147,2017-03-28 13:09:55.876966+00,MURO_PRIMO_PIANO_8zDvZC4.jpg
1149,2017-03-27 18:14:40.622779+00,Atrio.jpg
1149,2017-03-27 18:03:16.170532+00,IMG_20170326_214724.jpg
1149,2017-03-27 18:15:03.333594+00,Sala_due.jpg
1149,2017-03-27 18:15:30.364308+00,Sala.jpg
1149,2017-03-27 17:54:22.966029+00,IMG_20170326_214222.jpg
1150,2017-03-24 17:41:40.184006+00,copertura-lignea1.jpg
1150,2017-03-24 17:35:35.826005+00,IMG_20170304_103605.jpg
1150,2017-03-24 17:42:23.002234+00,IMG_20170304_104635.jpg
1150,2017-03-24 17:41:01.101229+00,presbiterio-panoramica-CD.jpg
1150,2017-03-24 17:34:56.150337+00,IMG_20170304_104506.jpg
1151,2017-03-28 08:10:20.730256+00,foto_grotte_visita.jpg
1153,2017-03-28 20:12:19.7746+00,falesie_2.jpg
1153,2017-03-28 20:12:40.548551+00,falesie_3.jpg
1153,2017-03-28 20:13:00.359822+00,falesie_4.jpg
1153,2017-03-28 20:13:20.34181+00,falesie_5.jpg
1153,2017-03-28 20:14:45.06088+00,falesie_6.jpg
1153,2017-03-28 20:15:05.298955+00,falesie_7.jpg
1153,2017-03-28 20:15:25.769174+00,falesie_8.jpg
1153,2017-03-28 20:09:45.818589+00,falesie.jpg
1154,2017-03-21 09:29:19.015584+00,IMG_9178.jpg
1155,2017-03-27 15:41:12.416839+00,IMG_0390.jpg
1155,2017-03-27 15:40:11.143973+00,IMG_0457.jpg
1155,2017-03-27 15:38:08.637344+00,IMG_0514_3MpxhfZ.jpg
1155,2017-03-27 15:46:57.868816+00,IMG_20170304_093001-1.jpg
1155,2017-03-27 15:37:12.25923+00,IMG_5915_ICTIBI4.JPG
1155,2017-03-27 12:00:50.01951+00,P_20170304_100736.jpg
1155,2017-03-27 12:01:24.987878+00,IMG_5915.JPG
1155,2017-03-27 12:02:10.974539+00,IMG_0369.jpg
1155,2017-03-27 12:03:00.070369+00,IMG_0514.jpg
1155,2017-03-27 13:50:04.94551+00,CollageMaker_20170327_154904.jpg
1155,2017-03-27 13:50:50.56375+00,CollageMaker_20170325_172436.jpg
1155,2017-03-27 13:54:23.081256+00,IMG_20170304_095053246.jpg
1155,2017-03-27 13:54:44.565144+00,IMG_0414_1.jpg
1155,2017-03-27 13:55:21.752143+00,IMG_0519.jpg
1159,2017-03-28 13:27:59.453556+00,20170321_130116.jpg
1159,2017-03-28 13:22:43.226574+00,20170322_095515.jpg
1159,2017-03-28 13:24:52.189999+00,20170322_095606.jpg
1159,2017-03-28 13:18:51.537535+00,IMG_1322.JPG
1159,2017-03-28 13:20:37.277944+00,20170322_095329.jpg
1164,2017-03-27 14:02:15.465645+00,20170304_132716.jpg
1164,2017-03-27 13:57:51.989818+00,coeggg.jpg
1164,2017-03-27 13:59:31.291159+00,IMG_4938.JPG
1164,2017-03-27 13:58:08.468515+00,mappagg.jpg
1167,2017-03-27 15:17:59.784214+00,articolo_di_giornale_qHk6Z6Z.jpg
1168,2017-03-25 11:42:03.775511+00,17434720_2018258565053803_6896109388075980918_o.jpg
1168,2017-03-25 11:42:20.61091+00,17435991_2018258471720479_4564881004072481862_o.jpg
1172,2017-03-31 10:21:12.136547+00,20170329_105805.jpg
1172,2017-03-30 15:49:32.0507+00,bd9a97dc-3a7d-412a-b5e6-53ccec04e515_1200x499_0.5x0.5_1_crop_jJZJ9T6.jpg
1172,2017-03-30 15:53:07.110819+00,IMG_20170330_173759.png
1172,2017-03-30 15:52:50.463409+00,IMG_20170330_173815.png
1172,2017-03-30 15:52:04.198964+00,IMG_20170330_173834.png
1172,2017-03-30 16:00:58.923421+00,IMG_20170330_173849_LdWvCh9.png
1172,2017-03-30 16:01:36.028636+00,IMG_20170330_173905_bIsfexc.png
1172,2017-03-30 16:02:03.527811+00,IMG_20170330_173917_HPiWhXB.png
1172,2017-03-30 16:02:21.512631+00,IMG_20170330_173932_Gg2D5Ko.png
1172,2017-03-30 15:55:17.068606+00,IMG_20170330_173947.png
1172,2017-03-30 15:54:57.348878+00,IMG_20170330_173959.png
1172,2017-03-30 15:59:29.47409+00,Screenshot_2017-03-30-17-58-02.png
1172,2017-03-30 15:29:17.668196+00,bd9a97dc-3a7d-412a-b5e6-53ccec04e515_1200x499_0.5x0.5_1_crop.jpg
1172,2017-03-30 15:53:33.949407+00,IMG_20170330_173849.png
1172,2017-03-30 15:56:09.248503+00,IMG_20170330_173849_fVcg4gV.png
1172,2017-03-30 15:56:32.76874+00,IMG_20170330_173905.png
1172,2017-03-30 15:56:56.378243+00,IMG_20170330_173917.png
1172,2017-03-30 15:57:28.305774+00,IMG_20170330_173932.png
1172,2017-03-30 16:01:04.603086+00,IMG_20170330_173849_EnFcNpA.png
1174,,C5-1FqwWgAALyiF.jpg
1177,,Screen_Shot_2017-04-15_at_10.43.12_AM.png
1187,2017-03-28 15:56:37.18221+00,OP1_K5DIfXM.JPG
1187,2017-03-28 15:58:13.858447+00,OP2.JPG
1187,2017-03-28 15:59:40.414237+00,OP3.JPG
1187,2017-03-28 15:11:49.601035+00,OP1.JPG
1189,2017-03-24 08:19:53.993645+00,15390861_1172197402856253_3611654636337766304_n.jpg
1189,2017-03-24 08:19:01.073984+00,17237212_1258979400844719_235213290_o.jpg
1189,2017-03-24 08:20:14.791265+00,ex_incet.jpg
1189,2017-03-24 08:18:28.351952+00,Immagine.png
1192,2017-03-25 16:54:57.032047+00,adda196d-4c86-4902-80b8-2a50cb89f213.IMG-20170302-WA0024.jpg
1192,2017-03-27 12:11:18.553764+00,IMG_20170223_100151649_1.jpg
1192,2017-03-27 12:07:34.121681+00,IMG_20170223_105747566_1.jpg
1192,2017-03-27 12:13:20.937319+00,IMG_20170323_114037240_1.jpg
1192,2017-03-27 12:12:06.830051+00,IMG-20170325-WA0009_RRShhMv.jpg
1192,2017-03-27 12:12:02.191208+00,IMG-20170325-WA0009.jpg
1192,2017-03-27 12:10:08.138006+00,IMG-20170325-WA0012.jpg
1192,2017-03-25 16:53:21.030823+00,pianta_parco.jpg
1192,2017-03-27 12:16:44.937339+00,Timeline5.PNG
1193,2017-03-28 15:17:04.366488+00,IMG_20170322_160741.jpg
1193,2017-03-28 15:09:34.339803+00,IMG_20170322_163909.jpg
1193,2017-03-28 15:10:52.632664+00,IMG_20170322_164217.jpg
1201,2017-03-27 05:54:34.381541+00,IMG-20170323-WA0004.jpg
1202,2017-03-27 17:21:00.90855+00,17426280_178687012644941_3087267672153683205_n.jpg
1202,2017-03-27 17:20:43.333795+00,17499001_178687032644939_3769985408365749119_n.jpg
1202,2017-03-27 17:20:21.918172+00,17554001_178686992644943_2922866896626768896_n.jpg
1202,2017-03-27 16:55:59.198465+00,Schermata_2017-03-27_alle_18.53.58.png
1205,2017-03-25 11:40:47.567361+00,IMG_8087.JPG
1205,2017-03-25 11:41:49.147021+00,IMG_8092.JPG
1205,2017-03-25 11:42:27.005209+00,IMG_8095.JPG
1205,2017-03-25 11:43:06.400188+00,IMG_8096.JPG
1205,2017-03-25 11:45:11.292113+00,IMG_8100.JPG
1205,2017-03-25 11:46:01.920386+00,IMG_8111.JPG
1205,2017-03-25 11:46:28.609961+00,IMG_8113.JPG
1206,2017-03-28 19:08:15.720491+00,DSC_0267.JPG
1206,2017-03-28 19:10:18.465088+00,DSC_0286.JPG
1206,2017-03-28 19:06:04.575259+00,DSC_0310.JPG
1206,2017-03-28 18:58:49.335569+00,IMG-20170327-WA0030.jpg
1206,2017-03-28 19:07:07.046296+00,DSC_0257.JPG
1206,2017-03-28 19:09:08.759215+00,DSC_0257_v6nsbTY.JPG
1208,2017-03-27 17:15:01.870144+00,20170323_100042.jpg
1208,2017-03-27 17:24:20.446333+00,20170323_101900.jpg
1208,2017-03-27 14:56:38.472155+00,Il_punto_sugli_acquisti_pubblici_ecologici_Ecosportello_OT.pdf
1208,2017-03-27 14:52:53.127664+00,sito_web_ecosportello.jpg
1210,2017-03-28 22:10:26.544575+00,20170328_100340.jpg
1210,2017-03-28 22:22:28.948411+00,20170328_1004521.jpg
1210,2017-03-28 22:21:27.995598+00,20170328_100515.jpg
1210,2017-03-28 22:20:28.902983+00,20170328_100535.jpg
1210,2017-03-28 22:17:39.581703+00,20170328_100651.jpg
1210,2017-03-28 22:07:34.587943+00,IMG_2146.JPG
1210,2017-03-28 22:06:58.396199+00,IMG_2147.JPG
1210,2017-03-28 22:08:15.689937+00,IMG_2150.JPG
1210,2017-03-28 22:08:35.178144+00,IMG_2154.JPG
1210,2017-03-28 22:04:40.983417+00,IMG_2157.JPG
1210,2017-03-28 22:19:26.850283+00,20170328_100651_n7ZJCGB.jpg
1212,2017-03-26 16:18:00.534134+00,OPENSANMARCO.pdf
1212,2017-03-26 13:57:13.354886+00,OPENSANMARCO.pptx
1213,2017-03-26 14:17:32.800122+00,IMG_1249.JPG
1213,2017-03-26 14:17:54.293548+00,IMG_1250.JPG
1213,2017-03-26 14:18:14.888644+00,IMG_1251.JPG
1213,2017-03-26 14:18:35.303405+00,IMG_1252.JPG
1213,2017-03-26 14:18:53.77377+00,IMG_1253.JPG
1213,2017-03-26 14:19:26.887358+00,IMG_1254.JPG
1213,2017-03-26 14:19:46.397805+00,IMG_1255.JPG
1213,2017-03-26 14:20:05.291155+00,IMG_1260.JPG
1216,2017-03-27 14:14:46.976773+00,IMG_5419.JPG
1216,2017-03-27 14:15:20.023569+00,IMG_5429.JPG
1216,2017-03-27 14:15:46.784509+00,IMG_5434.JPG
1216,2017-03-27 14:16:03.386962+00,IMG_5453.JPG
1216,2017-03-27 14:16:24.101317+00,IMG_5455.JPG
1216,2017-03-27 14:16:47.112383+00,IMG_5479.JPG
1216,2017-03-27 14:17:03.318458+00,IMG_5492.JPG
1216,2017-03-27 14:17:19.894663+00,IMG_5496.JPG
1216,2017-03-27 14:17:34.123763+00,IMG_5501.JPG
1216,2017-03-27 14:17:52.187306+00,IMG_5509.JPG
1216,2017-03-27 14:18:13.241755+00,IMG_5510.JPG
1216,2017-03-27 14:18:30.158659+00,IMG_5514.JPG
1216,2017-03-27 14:18:43.300607+00,IMG_5519.JPG
1216,2017-03-27 14:19:01.618289+00,IMG_5528.JPG
1216,2017-03-27 14:19:20.003221+00,IMG_5542.JPG
1216,2017-03-27 14:19:50.293921+00,IMG_5544.JPG
1216,2017-03-27 14:19:34.951433+00,IMG_5548.JPG
1216,2017-03-27 14:20:22.608998+00,IMG_5557.JPG
1216,2017-03-27 14:20:07.932111+00,IMG_5558.JPG
1216,2017-03-27 14:20:37.309037+00,IMG_5582.JPG
1217,2017-03-27 08:26:48.730774+00,biancavilla_lavori_viale_fiori_30_11_2016_02.jpg
1217,2017-03-27 08:27:32.338774+00,biancavilla_lavori_viale_fiori_30_11_2016_03.jpg
1217,2017-03-27 08:34:55.535577+00,Biancavilla-Stemma.png
1217,2017-03-27 08:27:54.938255+00,IMG_2166.JPG
1217,2017-03-27 08:27:17.260268+00,IMG-20161006-WA0001.jpg
1217,2017-03-26 20:12:54.867669+00,Immagineopen.png
1217,2017-03-27 08:33:45.176745+00,LOGO_I.T.T._lNiIkbI.png
1217,2017-03-27 08:33:22.324544+00,Logo-Unione-Europea.jpg
1217,2017-03-27 08:40:52.575995+00,progetto-rotatoria-viale-dei-fiori-.jpg
1217,2017-03-27 08:33:32.337783+00,LOGO_I.T.T..png
1219,2017-03-26 20:55:43.302148+00,slide_7.03.pptx
1219,2017-03-26 20:58:16.843491+00,slide_7.03_1_1_1.pptx
1219,2017-03-26 21:02:34.880111+00,pene.jpg
1219,2017-03-26 21:04:15.095565+00,scuola_lavoro.jpg
1222,2017-03-27 07:14:04.338857+00,FB_IMG_1490554300775.jpg
1222,2017-03-27 07:10:48.060001+00,paola_2.PNG
1222,2017-03-27 07:12:37.990656+00,paola_3_2OYK8lz.PNG
1222,2017-03-27 07:11:04.86549+00,paola_3_KcJeRF6.PNG
1222,2017-03-27 07:10:07.806063+00,paola_3.PNG
1222,2017-03-27 07:10:28.46696+00,paola_1.PNG
1222,2017-03-27 07:11:23.184922+00,paola_1_n9WByB2.PNG
1224,2017-03-28 09:48:43.026666+00,sala.jpg
1224,2017-03-28 09:49:29.114757+00,salas.jpg
1225,2017-03-27 10:08:36.016264+00,IMG_20170302_171239.jpg
1227,2017-03-29 22:37:14.088331+00,Allegato_A.pdf
1227,2017-03-29 22:08:52.887479+00,Cattciclabile.PNG
1227,2017-03-29 22:09:34.897484+00,Cattvariante.PNG
1227,2017-03-29 22:10:45.040534+00,Cattvariante1_3ZJ1ipL.PNG
1227,2017-03-29 22:12:40.599054+00,dopo.PNG
1227,2017-03-29 22:30:04.731029+00,Intervista_a_Bicicuorediabete_Onlus_6Akv1Mk.pdf
1227,2017-03-29 22:11:52.781283+00,Prma.PNG
1227,2017-03-29 22:33:23.563995+00,ReportSchedaProgettoCUP_E71B14000690001.pdf
1227,2017-03-29 22:28:55.052071+00,ReportSchedaProgettoCUP_E91B14000000006_1.pdf
1227,2017-03-29 08:38:07.485815+00,Open_Day_4_Marzo_2017.pdf
1227,2017-03-29 08:39:26.505853+00,Open_Day_4_Marzo_2017_AS2rkWS.pdf
1227,2017-03-29 08:40:05.70708+00,Open_Day_4_Marzo_2017_j0Q9gvP.pdf
1227,2017-03-29 17:29:39.501127+00,Intervista_a_Bicicuorediabete_Onlus.pdf
1227,2017-03-29 17:38:51.478001+00,Intervista_a_Bicicuorediabete_Onlus_VOdaZ7H.pdf
1227,2017-03-29 22:04:40.71054+00,Cattvariante1.PNG
1228,2017-03-27 10:06:03.800315+00,20161222_084402.jpg
1228,2017-03-27 18:03:09.342882+00,DSCF5084.JPG
1228,2017-03-27 18:06:27.299942+00,DSCF5090.JPG
1228,2017-03-27 19:55:02.410211+00,DSCF5091.JPG
1228,2017-03-27 20:18:34.401584+00,Image-1_1.jpg
1228,2017-03-27 19:27:22.670909+00,IMG_0701_TvG8nLM.JPG
1228,2017-03-27 17:19:05.818733+00,IMG_20170207_111201.jpg
1228,2017-03-27 10:08:41.325405+00,IMG_20170207_112200.jpg
1228,2017-03-27 10:09:28.64155+00,IMG_20170308_130032.jpg
1228,2017-03-27 19:24:17.870515+00,IMG_4868_w2F6fu7.JPG
1228,2017-03-27 18:05:24.229872+00,IMG_4874.JPG
1228,2017-03-27 17:17:13.206013+00,IMG-20170116-WA0011.jpg
1228,2017-03-27 19:28:19.372964+00,locandina_OPENGIOIA.jpg
1228,2017-03-27 19:27:51.027851+00,mappa_navigando_52jg2QX.jpg
1228,2017-03-27 19:26:31.699332+00,preview_w5nCUzK.jpg
1228,2017-03-27 09:51:09.848433+00,IMG_4868.JPG
1228,2017-03-27 09:58:18.996878+00,preview.jpg
1228,2017-03-27 09:59:20.063017+00,IMG_0701.JPG
1228,2017-03-27 18:04:54.173016+00,DSCF5085.JPG
1228,2017-03-27 18:30:00.724614+00,mappa_navigando.jpg
1228,2017-03-27 19:55:33.505293+00,IMG_4897.JPG
1228,2017-03-27 19:59:40.038901+00,IMG_4905.JPG
1233,2017-03-28 08:46:54.516095+00,File_000.png
1233,2017-03-28 08:48:25.321168+00,IMG-20170207-WA0028.jpg
1233,2017-03-28 08:44:57.508298+00,IMG-20170207-WA0030.jpg
1233,2017-03-28 08:45:25.26285+00,IMG-20170207-WA0049.jpg
1234,2017-03-28 09:46:13.751789+00,open1_QBaikUJ.JPG
1234,2017-03-27 13:27:14.039054+00,open2.jpeg
1234,2017-03-28 09:46:28.78294+00,open2.jpg
1234,2017-03-28 09:46:47.457182+00,open3.jpg
1234,2017-03-28 09:47:20.094119+00,open4.jpg
1234,2017-03-28 09:47:41.068163+00,open5.jpg
1234,2017-03-28 09:48:13.166009+00,open6.jpg
1234,2017-03-28 09:48:34.235852+00,open7.jpg
1234,2017-03-27 13:26:26.733982+00,oipen3.jpeg
1234,2017-03-27 13:26:56.523875+00,opencoesone.jpeg
1234,2017-03-27 13:27:29.577004+00,open1.JPG
1236,2017-03-27 17:31:09.546997+00,dati_sul_centro_storico.JPG
1236,2017-03-27 17:30:18.198812+00,eco_stop.JPG
1236,2017-03-27 17:30:46.805218+00,Raccolta_diferenziata_centro_storico.JPG
1236,2017-03-27 17:18:20.398375+00,Ampliamento_del_Piano_di_Raccolta_differenziata_del_Comune_di_Campobasso.pdf
1237,2017-03-28 10:17:03.356178+00,IMG_7639.JPG
1239,2017-03-27 21:15:19.219121+00,DSC_0772.JPG
1239,2017-03-27 21:20:44.475312+00,DSC_0782.JPG
1239,2017-03-27 21:23:18.300569+00,DSC_0790.JPG
1239,2017-03-28 13:24:28.835025+00,DSC_0800.JPG
1239,2017-03-27 21:18:40.720936+00,DSC_0778.JPG
1240,2017-03-27 17:52:14.082294+00,20170324_095503.jpg
1240,2017-03-27 18:00:09.346563+00,20170324_100104.jpg
1240,2017-03-27 18:03:06.547193+00,20170324_100508.jpg
1240,2017-03-27 18:04:20.169798+00,20170324_100711_JbdBvTR.jpg
1240,2017-03-27 18:05:23.473465+00,20170324_101341.jpg
1240,2017-03-27 18:11:45.603929+00,20170324_101354.jpg
1240,2017-03-27 17:55:38.980516+00,IMG_20170324_100442_HDR.jpg
1240,2017-03-27 17:58:15.30923+00,IMG_20170324_100442_HDR_S9bNyvC.jpg
1240,2017-03-27 18:01:25.097136+00,20170324_100711.jpg
1240,2017-03-27 18:07:07.857511+00,20170324_101927.jpg
1240,2017-03-27 18:10:06.777183+00,IMG_20170324_100751_HDR.jpg
1241,2017-03-27 19:18:46.37676+00,17555531_815255655332798_218923217_n.jpg
1241,2017-03-27 19:19:08.119861+00,17578025_815255668666130_1146591024_n.jpg
1241,2017-03-27 19:18:17.641947+00,17580242_815276058664091_588574690_n.jpg
1241,2017-03-27 19:18:18.117708+00,17580242_815276058664091_588574690_n_0Uw2ju8.jpg
1242,2017-03-28 09:01:21.36247+00,Documento_preliminare_di_progettazione_RAS_2008.pdf
1242,2017-03-27 20:44:28.172839+00,DSCN6118.JPG
1242,2017-03-27 20:47:32.353061+00,DSCN6135.JPG
1242,2017-03-28 09:04:58.469577+00,RAE2012-35_84_20140203121421.pdf
1242,2017-03-27 20:35:29.62027+00,IMG_3328.JPG
1242,2017-03-27 20:35:58.702062+00,IMG-20170310-WA0004.jpg
1242,2017-03-27 20:36:48.53255+00,IMG_4866.JPG
1242,2017-03-27 20:37:46.468938+00,File_003.jpeg
1242,2017-03-27 20:47:54.843293+00,IMG-20161213-WA0002.jpg
1243,2017-03-28 17:23:49.414562+00,bivona.jpg
1243,2017-03-28 17:20:03.69118+00,foto1_0dHZtgv.JPG
1243,2017-03-28 17:25:10.90386+00,fotoinevidenza.JPG
1243,2017-03-28 17:24:16.761637+00,IMG_6993.jpg
1243,2017-03-28 17:21:27.501719+00,paolo_orsi.jpg
1243,2017-03-28 17:23:50.84113+00,bivona_UaBB7hZ.jpg
1245,2017-03-29 12:00:38.950501+00,20170306_094441.jpg
1245,2017-03-29 11:58:01.253865+00,IMG_3980.JPG
1246,2017-03-27 23:44:04.015071+00,17426360_10154812732110379_1638524607248081819_n.jpg
1246,2017-03-27 23:43:31.978145+00,17499364_10154812730870379_8985043882815001050_n.jpg
1247,2017-03-28 10:24:10.144045+00,17159181_224133091393987_2855128519863363146_o.jpg
1247,2017-03-28 10:25:16.265171+00,17191249_224207118053251_1004867558082880525_n.jpg
1247,2017-03-28 10:26:42.626556+00,17192327_224813587992604_7335457420392140639_o.jpg
1247,2017-03-28 10:28:03.092791+00,17192441_224820004658629_1011653669392639547_o.jpg
1247,2017-03-28 10:27:10.796186+00,17212192_224813631325933_498148445548282469_o.jpg
1247,2017-03-28 10:15:13.794531+00,Bookshop_3.JPG
1247,2017-03-28 10:14:22.863451+00,DSC_0137.jpg
1247,2017-03-28 10:13:52.129845+00,Palazzo_Nieddu_7.JPG
1247,2017-03-28 10:14:06.055522+00,Palazzo_Nieddu_7_WrIZyhv.JPG
1247,2017-03-28 10:14:56.065328+00,Bookshop_7.JPG
1248,2017-03-28 08:25:25.838211+00,IMG_3804.JPG
1248,2017-03-28 08:24:12.217936+00,Panoramica_senza_titolo1.jpg
1249,2017-03-28 14:35:03.831307+00,WhatsApp_Image_2017-03-28_at_4.33.07_PM.jpeg
1253,2017-03-28 09:38:59.54143+00,IMG-20170327-WA0024_rRpJ9ts_wmUJfLb.jpg
1253,2017-03-28 09:39:24.183141+00,IMG-20170327-WA0032_5I8wMDy_JRgzOlF.jpg
1253,2017-03-28 09:39:40.757999+00,IMG-20170327-WA0035_FzQVZAL_UtHU1Jq.jpg
1253,2017-03-28 09:40:15.119204+00,IMG-20170327-WA0041_mn0JHkD_uU0uhqU.jpg
1253,2017-03-28 09:40:30.317706+00,IMG-20170327-WA0046_2bvSVOv_9C4lemw.jpg
1253,2017-03-28 09:40:43.978254+00,IMG-20170327-WA0064_UkDQTpU_LPSJGkB.jpg
1253,2017-03-27 10:58:34.079474+00,IMG-20170327-WA0024.jpg
1253,2017-03-27 10:59:01.024986+00,IMG-20170327-WA0041.jpg
1253,2017-03-27 10:59:16.896063+00,IMG-20170327-WA0035.jpg
1253,2017-03-27 10:59:26.602237+00,IMG-20170327-WA0032.jpg
1253,2017-03-27 10:59:36.480383+00,IMG-20170327-WA0046.jpg
1253,2017-03-27 10:59:46.180044+00,IMG-20170327-WA0064.jpg
1253,2017-03-27 19:31:52.897715+00,IMG-20170327-WA0064_UkDQTpU.jpg
1253,2017-03-27 19:32:49.438482+00,IMG-20170327-WA0024_rRpJ9ts.jpg
1253,2017-03-27 19:33:34.140517+00,IMG-20170327-WA0046_2bvSVOv.jpg
1253,2017-03-27 19:34:15.562936+00,IMG-20170327-WA0032_5I8wMDy.jpg
1253,2017-03-27 19:34:56.458205+00,IMG-20170327-WA0041_mn0JHkD.jpg
1253,2017-03-27 19:35:40.126962+00,IMG-20170327-WA0035_FzQVZAL.jpg
1255,2017-03-28 22:18:17.833803+00,_assessore.jpg
1255,2017-03-28 22:18:49.184551+00,_assessore2.jpg
1255,2017-03-28 22:00:48.572364+00,_AVA.png
1255,2017-03-28 21:59:50.472194+00,_impianto.jpg
1255,2017-03-28 22:06:44.630806+00,_Legambiente.png
1256,2017-03-28 20:24:58.574634+00,Foto_21-03-17_1_04_15_PM_ZMk1vAu.jpg
1256,2017-03-28 11:26:02.395356+00,Foto_21-03-17_9_58_55_AM.jpg
1256,2017-03-28 20:25:33.55168+00,Foto_27-03-17_9_03_57_PM.jpg
1256,2017-03-28 20:26:02.255617+00,Foto_27-03-17_9_44_43_PM.jpg
1256,2017-03-28 11:25:29.631722+00,Foto_21-03-17_1_04_15_PM.jpg
1257,2017-03-28 11:40:20.465989+00,1907103f-923f-4235-a771-b8681f9b8e90.2017-02-24-PHOTO-00000347.jpg
1259,2017-03-28 15:28:14.464421+00,MONITORAGGIO_1.png
1259,2017-03-28 15:29:54.404835+00,POSIZIONAMENTO_DEI_COLLETTORI.png
1259,2017-03-28 15:29:01.400427+00,STAZIONE_DI_SOLLEVAMENTO.png
1260,2017-03-28 19:37:09.335326+00,IMG_1971_bYVEuxE.JPG
1260,2017-03-28 19:34:11.710429+00,IMG_1971_mlzAbnI.JPG
1260,2017-03-28 19:51:32.540627+00,IMG_1971_NwWTBLV.JPG
1260,2017-03-28 19:03:19.27883+00,IMG_1971_OgsooHc.JPG
1260,2017-03-28 19:37:51.560907+00,IMG_1971_XHcxIXM.JPG
1260,2017-03-28 19:02:21.584365+00,IMG_1971.JPG
1261,2017-03-28 13:58:16.782843+00,17522257_1160120110764250_1387507262_o.jpg
1261,2017-03-28 13:58:35.899351+00,17547548_1160120964097498_586514150_o.jpg
1261,2017-03-28 13:58:51.869274+00,17548947_1160120947430833_1357150268_o.jpg
1261,2017-03-28 13:59:12.194049+00,17571357_1160120680764193_187117352_o.jpg
1261,2017-03-28 19:17:27.825238+00,Ist.GBrotzuLiceoArtisticodiQuartusElenaAmiantoNienteVanto2-360p.mov
1261,2017-03-28 13:55:02.235233+00,IstitutoGBrotzuLiceoArtisticodiQuartusElenaAmiantoNienteVanto2-720p.mp4
1261,2017-03-28 13:59:34.554104+00,STOP.jpg
1267,2017-03-28 14:47:47.88381+00,1_foto.jpg
1267,2017-03-28 14:48:04.696284+00,2f.jpg
1267,2017-03-28 14:48:19.503808+00,3f.jpg
1267,2017-03-28 14:49:08.554525+00,4f.jpg
1268,2017-03-28 21:19:52.276304+00,20170324_104615.jpg
1268,2017-03-28 21:22:51.354377+00,IMG-20170324-WA0008.jpg
1268,2017-03-28 21:21:28.20722+00,IMG-20170324-WA0052.jpg
1268,2017-03-28 21:22:15.122482+00,IMG-20170324-WA0061.jpg
1269,2017-03-28 16:00:16.702603+00,foto.jpg
1269,2017-03-28 15:53:54.960347+00,foto1_4kYlR0L.JPG
1269,2017-03-28 15:52:50.587978+00,foto1.JPG
1269,2017-03-28 16:01:40.446863+00,foto1112.jpg
1269,2017-03-28 15:52:24.554278+00,foto2.JPG
1269,2017-03-28 15:47:28.351167+00,foto3.jpg
1271,2017-03-29 07:54:18.494732+00,1.PNG
1271,2017-03-29 08:14:29.26648+00,17021457_912190982251006_6744243829151332449_n.jpg
1271,2017-03-29 08:10:19.979718+00,20170307_092033.jpg
1271,2017-03-29 07:56:50.168482+00,3.PNG
1271,2017-03-29 08:16:26.494778+00,Astragali.PNG
1271,2017-03-29 08:48:42.240433+00,DSC_026_OPo7cfF.JPG
1271,2017-03-29 08:00:10.761038+00,DSC_3765.jpg
1271,2017-03-29 08:02:58.183323+00,file_4288x2848_000200.jpg
1271,2017-03-29 08:11:51.10257+00,file_4288x2848_000501.jpg
1271,2017-03-29 08:32:06.571112+00,IMG-20170328-WA0034_ok31Rjx.jpg
1271,2017-03-29 08:32:58.290194+00,Page1.PNG
1271,2017-03-29 07:52:54.944305+00,timeline_4.PNG
1271,2017-03-29 08:27:35.374942+00,IMG-20170328-WA0034.jpg
1271,2017-03-29 08:36:56.761529+00,IMG-20170328-WA0064.pdn
1271,2017-03-29 08:40:10.085659+00,DSC_026.JPG
1277,2017-03-29 19:04:47.043864+00,10.jpg
1277,2017-03-29 19:13:56.186357+00,17016856_1274183215991629_6011998034207587930_o.jpg
1277,2017-03-29 19:18:35.591361+00,17038460_701287803409020_8833862710234126651_o.jpg
1277,2017-03-29 19:14:17.534683+00,17098390_701470613390739_7886575464107162710_n.jpg
1277,2017-03-29 19:19:16.507993+00,17155818_702866353251165_1993642237367219200_n.jpg
1277,2017-03-29 19:16:56.005363+00,17190506_702866336584500_8121817996684010564_n.jpg
1277,2017-03-29 19:23:10.610302+00,17190726_702866316584502_4039985009154660439_n.jpg
1277,2017-03-29 19:16:38.778953+00,17191231_702866326584501_4726943604977481011_n.jpg
1277,2017-03-29 19:16:25.724809+00,17203140_702866363251164_5823737818963196392_n.jpg
1277,2017-03-29 19:15:17.920149+00,17239788_702530216618112_2686023335216786177_o.jpg
1277,2017-03-29 19:14:55.474644+00,17239837_702532603284540_6673416358551611797_o.jpg
1277,2017-03-29 19:14:39.587579+00,17240071_702529836618150_7665749667844378752_o.jpg
1277,2017-03-29 19:06:06.794523+00,20170304_090516.jpg
1277,2017-03-29 19:02:41.756594+00,30.jpg
1277,2017-03-29 18:44:01.812125+00,CANVAS-INDAGINI_IN_CORSO-VICO_EQUENSE.pdf
1277,2017-03-29 18:54:03.029159+00,dati_.jpg
1277,2017-03-29 18:54:31.185063+00,dati_generali.jpg
1277,2017-03-29 18:56:10.554941+00,foto_ragazzi_ASOC.jpg
1277,2017-03-29 18:51:07.125996+00,GRUPPI_DI_LAVORO.doc
1277,2017-03-29 19:34:07.347008+00,IMG-20170329-WA0005.jpg
1277,2017-03-29 19:33:51.776297+00,IMG-20170329-WA0006.jpg
1277,2017-03-29 19:34:23.31174+00,IMG-20170329-WA0009.jpg
1277,2017-03-29 19:34:42.428877+00,IMG-20170329-WA0010.jpg
1277,2017-03-29 19:34:56.596273+00,IMG-20170329-WA0011.jpg
1277,2017-03-29 19:35:09.112276+00,IMG-20170329-WA0012.jpg
1277,2017-03-29 19:02:00.342593+00,LEZIONE1.jpg
1277,2017-03-29 18:43:24.75871+00,logo.jpg
1277,2017-03-29 18:55:20.055183+00,quadro_economico_generale.jpg
1277,2017-03-29 18:59:17.078618+00,Report_lezione_3.dot
1277,2017-03-29 18:48:05.23751+00,report_lezione1.doc
1277,2017-03-29 18:50:01.309182+00,report_lezione2_corretto.doc
1280,2017-03-29 15:43:17.405889+00,foto_1.jpg
1280,2017-03-29 15:43:38.944017+00,foto_10.jpg
1280,2017-03-29 15:45:57.141003+00,foto_2.jpg
1280,2017-03-29 15:45:22.212596+00,foto_3.jpg
1280,2017-03-29 15:44:44.151379+00,foto_5.jpg
1280,2017-03-29 15:47:48.292997+00,foto_8.jpg
1280,2017-03-29 15:44:15.619158+00,foto_9.jpg
1280,2017-03-29 15:45:43.302131+00,foto_1_UlbxmWS.jpg
1281,2017-03-29 20:18:09.061324+00,Blardi.jpeg
1281,2017-03-29 20:21:59.826111+00,intervista.png
1281,2017-03-29 20:18:57.704654+00,progetto_esecutivo.jpeg
1281,2017-03-29 20:26:32.14632+00,Schermata_2017-03-28_alle_23.04.45.png
1281,2017-03-29 20:19:43.15772+00,Schermata_2017-03-28_alle_23.24.51_Ck9bwzy.png
1281,2017-03-29 20:16:26.545766+00,Schermata_2017-03-29_alle_21.21.17.png
1281,2017-03-29 20:21:11.185209+00,Schermata_2017-03-29_alle_21.22.13.png
1281,2017-03-29 20:17:01.204199+00,Schermata_2017-03-28_alle_23.24.51.png
1281,2017-03-29 20:24:52.265089+00,esito_gara_APQ.pdf
1284,2017-04-01 15:44:12.650084+00,20170330_104416.jpg
1284,2017-04-01 15:39:57.747096+00,20170330_115639.jpg
1284,2017-04-01 15:54:28.849334+00,20170330_120459.jpg
1288,2017-04-03 10:58:59.387304+00,1.png
1288,2017-04-03 11:00:00.472425+00,2_owgzoNJ.png
1288,2017-04-03 11:02:33.365978+00,3_NgkUzNw.jpg
1288,2017-04-03 11:04:10.970843+00,4.png
1288,2017-04-03 11:04:45.520147+00,5_WFqWSct.png
1288,2017-04-03 11:05:04.053223+00,6.png
1288,2017-04-03 11:05:22.438334+00,7.png
1288,2017-04-03 11:05:39.8526+00,8_MYiIzG2.png
1290,2017-04-04 08:33:54.890954+00,grafico2.png
1290,2017-04-04 08:35:00.536402+00,grafico3.png
1290,2017-04-04 08:32:12.258397+00,Graficoo.png
1296,2017-04-11 20:02:36.358684+00,WhatsApp_Image_2017-03-30_at_22.32.31.jpeg
1306,2017-04-12 09:24:05.935773+00,WhatsApp_Image_2017-04-12_at_11.20.51.jpeg
1307,2017-04-12 10:07:34.908778+00,opp.jpg
1307,2017-04-12 10:07:24.708894+00,oppp.jpg
1307,2017-04-12 10:07:14.021062+00,opppp_dKb4d5s.jpg
1307,2017-04-12 10:06:27.067936+00,opppppp.jpg
1307,2017-04-12 10:06:42.932274+00,oppppppp.jpg
1307,2017-04-12 10:06:14.331587+00,opppppppp.jpg
1307,2017-04-12 10:06:01.915041+00,oppppppppp.jpg
1307,2017-04-12 10:05:50.676405+00,opppppppppppp.jpg
1307,2017-04-12 10:05:44.151245+00,oppppppppppppppp.jpg
1307,2017-04-12 10:05:37.001448+00,opppppppppppppppp.jpg
1307,2017-04-12 10:05:28.197222+00,opppppppppppppppppp.jpg
1307,2017-04-12 10:05:19.193029+00,opppppppppppppppppppp.jpg
1307,2017-04-12 10:05:06.686278+00,oppppppppppppppppppppp.jpg
1307,2017-04-12 10:06:55.531001+00,opppp.jpg
1310,2017-04-12 16:19:49.198296+00,13479353_10153774444852992_1656567587_n.jpg
1310,2017-04-12 15:23:07.889605+00,2017-03-26.jpgg_C17xwOJ.jpg
1310,2017-04-12 15:24:20.648403+00,2017-03-26.jpgg_FyTzAIq.jpg
1310,2017-04-12 15:22:22.830388+00,2017-03-26.jpgg_p2C4HE5.jpg
1310,2017-04-12 15:21:50.915056+00,2017-03-26.jpgg.jpg
1310,2017-04-12 16:21:04.382672+00,Affreschi-Albero-della-vita.jpg
1312,2017-04-16 10:21:22.678999+00,IMG_6731.JPG
1312,2017-04-16 10:24:22.25202+00,IMG_6732.JPG
1312,2017-04-16 10:22:57.545411+00,IMG_6731_r8L7v5f.JPG
1313,2017-04-15 15:00:46.751114+00,2017-02-24_16.55.14.png
1313,2017-04-15 14:49:39.848362+00,foto_WjnrdIL.jpg
1313,2017-04-15 15:02:50.528837+00,IMG-20170411-WA0012.jpg
1313,2017-04-15 15:12:42.939625+00,IMG-20170411-WA0016.jpg
1313,2017-04-15 14:54:42.821192+00,foto_gHYyAAT.jpg
1313,2017-04-15 14:56:43.021227+00,ProjFin_1d_Relazione-Archeologica-preliminare.pdf
1313,2017-04-15 15:02:10.116796+00,IMG-20170411-WA0007.jpg
1313,2017-04-15 15:11:57.905744+00,IMG-20170411-WA0018.jpg
1315,2017-04-18 16:39:39.379511+00,Bravo_peppe.png
1318,2017-04-20 08:22:32.66313+00,REP4_1.jpg
1318,2017-04-20 08:25:42.121451+00,REP4_10.jpg
1318,2017-04-20 08:22:48.625754+00,REP4_2.JPG
1318,2017-04-20 08:23:00.075343+00,REP4_3.jpg
1318,2017-04-20 08:27:35.03318+00,REP4_4_FIoKUDu.JPG
1318,2017-04-20 08:23:34.476573+00,REP4_5.jpg
1318,2017-04-20 08:23:57.750037+00,REP4_6.jpg
1318,2017-04-20 08:24:16.227148+00,REP4_7.jpg
1318,2017-04-20 08:25:03.452405+00,REP4_8.jpg
1318,2017-04-20 08:25:23.437531+00,REP4_9.jpg
1318,2017-04-20 08:44:56.794268+00,VIDEO_FINALE.wmv
1318,2017-04-20 08:23:18.171416+00,REP4_4.JPG
1319,2017-04-20 13:10:45.527694+00,17917498_1694594990567076_5334899533379677842_o.jpg
1319,2017-04-20 13:12:12.262894+00,17952994_1694594887233753_1121475983856738992_n.jpg
1319,2017-04-20 13:12:23.789364+00,18010336_1694594720567103_9029457313875917622_n.jpg
1319,2017-04-20 13:12:40.45791+00,18033088_1694594890567086_8156163295801397036_n.jpg
1319,2017-04-20 13:12:48.388301+00,18033116_1694594893900419_7037945987535796844_n.jpg
1319,2017-04-20 13:12:59.910445+00,18034051_1694594987233743_5644107295392561837_n.jpg
1319,2017-04-20 13:13:12.116742+00,18056878_1694594897233752_4323228950938805833_n_qcY34Z7.jpg
1319,2017-04-20 13:11:29.790636+00,18056878_1694594897233752_4323228950938805833_n.jpg
1323,2017-05-12 11:34:29.875386+00,IMG_20170505_171028.jpg
1323,2017-05-12 11:33:57.429617+00,IMG_20170505_171802.jpg
1323,2017-05-05 10:48:03.006867+00,moniTOcamera.jpg
1323,2017-05-12 11:39:29.245409+00,V_Incontro._5_Maggio_2017_foto.pdf
1323,2017-05-12 11:39:52.296659+00,VI_Incontro._12_Maggio_2017.pdf
1323,2017-05-12 11:34:14.347097+00,WhatsApp_Image_2017-05-12_at_13.22.41.jpeg
1323,2017-05-12 11:34:51.056421+00,WP_20170505_17_34_28_Pro.jpg
1323,2017-05-12 11:36:25.120423+00,WP_20170505_17_44_17_Pro.jpg
1622,,[]
1625,,[]
1627,,[]
1628,,[]
1629,,"[{""name"":""apq antica kroton_allegato 2 e schede.pdf"",""url"":""https://files.monithon.org/_data/monithon/uploads/0a028fde-eff6-4a23-9652-a6d6460c82ba.apq%20antica%20kroton_allegato%202%20e%20schede.pdf""},{""name"":""baronecalendaes3_2010.pdf"",""url"":""https://files.monithon.org/_data/monithon/uploads/118e876d-bd36-4d4a-b0bb-6ae934c6c6a2.baronecalendaes3_2010.pdf""},{""name"":""DLgs_152_partequarta.pdf"",""url"":""https://files.monithon.org/_data/monithon/uploads/5ec0b25e-4ed5-4d66-8f33-430a7484104c.DLgs_152_partequarta.pdf""},{""name"":""estrattodossierbonifiche2014.pdf"",""url"":""https://files.monithon.org/_data/monithon/uploads/4183264e-5c88-4d36-b4a1-2c9380691a4a.estrattodossierbonifiche2014.pdf""},{""name"":""Rel_Qc1.0_Quadro_Conoscitivo_Territoriale_signed.pdf"",""url"":""https://files.monithon.org/_data/monithon/uploads/a273cabf-5fd9-48ec-ae33-146189cc451f.Rel_Qc1.0_Quadro_Conoscitivo_Territoriale_signed.pdf""},{""name"":""Rif_20100616 - 09 Amianto.pdf"",""url"":""https://files.monithon.org/_data/monithon/uploads/d492f495-c187-498c-8d48-19338f583ebf.Rif_20100616%20-%2009%20Amianto.pdf""},{""name"":""Rif_B_20100310 - 04 Procura.pdf"",""url"":""https://files.monithon.org/_data/monithon/uploads/4b19a708-a848-4c44-aac1-c53ed3761017.Rif_B_20100310%20-%2004%20Procura.pdf""},{""name"":""Rif_B_20100310 - 05 Ambientalisti.pdf"",""url"":""https://files.monithon.org/_data/monithon/uploads/09d9fe28-be52-46df-9b95-553455f362e3.Rif_B_20100310%20-%2005%20Ambientalisti.pdf""},{""name"":""area antica Kroton.jpg"",""url"":""https://files.monithon.org/_data/monithon/uploads/64c2b7a7-43cd-4eae-93da-6ec982b6f8e0.area%20antica%20Kroton.jpg""},{""name"":""area industriale.jpg"",""url"":""https://files.monithon.org/_data/monithon/uploads/44009b7d-7a16-49f6-a727-987bef7fbe18.area%20industriale.jpg""},{""name"":""discariche fronte mare.jpg"",""url"":""https://files.monithon.org/_data/monithon/uploads/31461304-d32d-49b7-87a1-e2c4a9b02839.discariche%20fronte%20mare.jpg""},{""name"":""paulownia area Antica Kroton.jpg"",""url"":""https://files.monithon.org/_data/monithon/uploads/4fbb4e33-ffb1-44e0-9cd0-161348f8ffc5.paulownia%20area%20Antica%20Kroton.jpg""}]"
1630,,"[{""name"":""1.JPG"",""url"":""https://manager.files.monithon.org/files/_data/monithon/uploads/WhatsApp%20Image%202019-02-14%20at%2015.04.58(1).jpeg""}, {""name"":""2.JPG"",""url"":""https://manager.files.monithon.org/files/_data/monithon/uploads/WhatsApp%20Image%202019-02-14%20at%2015.04.56(2).jpeg""}]"
1631,,[]
1632,,"[{""name"":""opencoesione_160319-15.JPG"",""url"":""https://files.monithon.org/_data/monithon/uploads/0ee57ca6-e08b-4d06-a917-7f04ca65814d.opencoesione_160319-15.JPG""},{""name"":""opencoesione_160319-100.JPG"",""url"":""https://files.monithon.org/_data/monithon/uploads/1c1ad468-516a-44a3-87d2-40421e68a4e6.opencoesione_160319-100.JPG""},{""name"":""574423925.832759.JPG"",""url"":""https://files.monithon.org/_data/monithon/uploads/038c6000-f185-495a-8678-4e78fab7506f.574423925.832759.JPG""},{""name"":""opencoesione_160319-4.JPG"",""url"":""https://files.monithon.org/_data/monithon/uploads/9e1a7edd-e5bb-48ee-92cf-5c7b3329d02d.opencoesione_160319-4.JPG""},{""name"":""opencoesione_160319-6.JPG"",""url"":""https://files.monithon.org/_data/monithon/uploads/7024f7ca-e6c1-4c4a-8a36-d9f64f81521f.opencoesione_160319-6.JPG""}]"
1634,,[]
1637,,[]
1638,,"[{""name"":""1 (1).jpeg"",""url"":""https://files.monithon.org/_data/monithon/uploads/24a2f530-a3f5-450b-82c8-c4a7bdd228e3.1%20%281%29.jpeg""},{""name"":""1 (2).jpeg"",""url"":""https://files.monithon.org/_data/monithon/uploads/fbc50ed3-3edb-47dc-b291-59ec94d6304b.1%20%282%29.jpeg""},{""name"":""1 (3).jpeg"",""url"":""https://files.monithon.org/_data/monithon/uploads/e1c7f7ad-857f-4a00-8b17-766d371beaaa.1%20%283%29.jpeg""},{""name"":""1 (4).jpeg"",""url"":""https://files.monithon.org/_data/monithon/uploads/cbd8086c-fcb7-479e-b8b8-31d0a3a04ee9.1%20%284%29.jpeg""},{""name"":""1 (5).jpeg"",""url"":""https://files.monithon.org/_data/monithon/uploads/6d7b4580-dc42-4b73-a6a6-eb945c5c761e.1%20%285%29.jpeg""},{""name"":""Blog Post Lezione 3-Esplorare.pdf"",""url"":""https://files.monithon.org/_data/monithon/uploads/1422098e-75d4-446a-a93e-eb516e6656e2.Blog%20Post%20Lezione%203-Esplorare.pdf""}]"
1639,,[]
1640,,"[{""name"":""01_foto_monitoraggio.jpeg"",""url"":""https://files.monithon.org/_data/monithon/uploads/1c0ca461-1301-44f1-9849-c81217d7e49e.01_foto_monitoraggio.jpeg""},{""name"":""02_Costruzione_Canalone.jpg"",""url"":""https://files.monithon.org/_data/monithon/uploads/6009f3ad-5ba2-4425-be6b-64389159a7a8.02_Costruzione_Canalone.jpg""},{""name"":""03_Costruzione_Canalone.jpg"",""url"":""https://files.monithon.org/_data/monithon/uploads/608e999b-a7fc-40d3-9a5f-8e95252cddb4.03_Costruzione_Canalone.jpg""},{""name"":""04_Costruzione_Canalone.jpg"",""url"":""https://files.monithon.org/_data/monithon/uploads/b5b81bad-8657-417e-8df8-0d11fc49c019.04_Costruzione_Canalone.jpg""},{""name"":""05_Costruzione_Canalone.JPG"",""url"":""https://files.monithon.org/_data/monithon/uploads/02acdfa9-76f1-4bc2-b86e-34c125bd4b9d.05_Costruzione_Canalone.JPG""},{""name"":""06_Costruzione_Canalone.JPG"",""url"":""https://files.monithon.org/_data/monithon/uploads/84a9d817-93e1-41c2-8de4-e6c9d1bb9d78.06_Costruzione_Canalone.JPG""},{""name"":""07_Costruzione_Canalone.JPG"",""url"":""https://files.monithon.org/_data/monithon/uploads/9ac3ea21-5bf8-4d16-ae86-d04e118786fb.07_Costruzione_Canalone.JPG""},{""name"":""08_Costruzione_Canalone.JPG"",""url"":""https://files.monithon.org/_data/monithon/uploads/b6b277de-8d12-41df-b611-c949b231e9c9.08_Costruzione_Canalone.JPG""},{""name"":""09_Costruzione_Canalone.JPG"",""url"":""https://files.monithon.org/_data/monithon/uploads/042fbb02-e32e-4f3d-b762-431947c0936d.09_Costruzione_Canalone.JPG""},{""name"":""10_Costruzione_Canalone.JPG"",""url"":""https://files.monithon.org/_data/monithon/uploads/ff20b72c-e2ff-4d59-a738-07366f9b6bee.10_Costruzione_Canalone.JPG""},{""name"":""11_Costruzione_Canalone.JPG"",""url"":""https://files.monithon.org/_data/monithon/uploads/4cae191b-1a12-4604-9003-6332e2ffa91d.11_Costruzione_Canalone.JPG""},{""name"":""12_Costruzione_Canalone.JPG"",""url"":""https://files.monithon.org/_data/monithon/uploads/4fb5ed04-00c3-4779-9741-f4a4f8e98b3b.12_Costruzione_Canalone.JPG""},{""name"":""13_Costruzione_Canalone.JPG"",""url"":""https://files.monithon.org/_data/monithon/uploads/90ccc319-3d9e-4226-9032-02cc7e4f4cfb.13_Costruzione_Canalone.JPG""},{""name"":""14_Costruzione_Canalone.jpg"",""url"":""https://files.monithon.org/_data/monithon/uploads/6321ac94-a33a-499e-bea4-6059d8e53c50.14_Costruzione_Canalone.jpg""},{""name"":""15_degrado.jpeg"",""url"":""https://files.monithon.org/_data/monithon/uploads/80fa94a9-31c0-4803-8443-cf2e67cfc682.15_degrado.jpeg""},{""name"":""16_degrado.jpeg"",""url"":""https://files.monithon.org/_data/monithon/uploads/04eeb5cb-0908-4fba-93be-5f1a85c22113.16_degrado.jpeg""},{""name"":""17_degrado.jpeg"",""url"":""https://files.monithon.org/_data/monithon/uploads/cfd2b0f1-62f0-4c14-bc90-ca11ee71726d.17_degrado.jpeg""},{""name"":""18_degrado.jpeg"",""url"":""https://files.monithon.org/_data/monithon/uploads/0be3bfcc-8751-424c-ae2c-c02d64ae3038.18_degrado.jpeg""},{""name"":""19_degrado.jpeg"",""url"":""https://files.monithon.org/_data/monithon/uploads/6844102d-9d8b-42e2-8e87-dcf3b21d60f5.19_degrado.jpeg""},{""name"":""20_degrado.jpeg"",""url"":""https://files.monithon.org/_data/monithon/uploads/9167f9d5-d587-4593-a64f-23a6106e4af0.20_degrado.jpeg""},{""name"":""21_degrado.jpeg"",""url"":""https://files.monithon.org/_data/monithon/uploads/bd5df19e-757b-4aa7-b7d8-6e03911f4db9.21_degrado.jpeg""},{""name"":""22_degrado.jpeg"",""url"":""https://files.monithon.org/_data/monithon/uploads/bd8a3fa8-f5b6-456d-ad17-d7781419ad67.22_degrado.jpeg""},{""name"":""23_degrado.jpeg"",""url"":""https://files.monithon.org/_data/monithon/uploads/b651d21f-a98e-4fbc-b3a6-b8077b80adf2.23_degrado.jpeg""},{""name"":""24_degrado.jpeg"",""url"":""https://files.monithon.org/_data/monithon/uploads/01377d47-10ea-40d8-991c-39ebf031d698.24_degrado.jpeg""},{""name"":""25_degrado.jpeg"",""url"":""https://files.monithon.org/_data/monithon/uploads/950b1232-9dc3-4c2a-b350-c124abadf81a.25_degrado.jpeg""},{""name"":""Allegatocontabiledigitale.pdf"",""url"":""https://files.monithon.org/_data/monithon/uploads/333493a9-1905-44f1-9fe2-1d3319745235.Allegatocontabiledigitale.pdf""},{""name"":""Allegatocontabiledigitale2.pdf"",""url"":""https://files.monithon.org/_data/monithon/uploads/c39a4495-fd20-444a-85d1-7a6812835ba7.Allegatocontabiledigitale2.pdf""},{""name"":""Allegatocontabiledigitale3.pdf"",""url"":""https://files.monithon.org/_data/monithon/uploads/12143526-61c5-4c6e-a4f7-4ce851cd71fe.Allegatocontabiledigitale3.pdf""},{""name"":""comunicazioneUNICREDIT.pdf"",""url"":""https://files.monithon.org/_data/monithon/uploads/2e97072e-413a-4faa-a066-33b388d28908.comunicazioneUNICREDIT.pdf""},{""name"":""decreto.pdf"",""url"":""https://files.monithon.org/_data/monithon/uploads/5bd633aa-faaf-44d4-998b-7fe89e29d5a9.decreto.pdf""},{""name"":""det_UTC_00266_04-09-2018.pdf"",""url"":""https://files.monithon.org/_data/monithon/uploads/b8f392d8-23b7-4d1c-8f7e-31464edae130.det_UTC_00266_04-09-2018.pdf""},{""name"":""det_UTC_00364_20-11-2018.pdf"",""url"":""https://files.monithon.org/_data/monithon/uploads/8b543d2f-71b1-4cd5-87ae-4f99d5266e9f.det_UTC_00364_20-11-2018.pdf""},{""name"":""det_UTC_00402_18-12-2017.pdf"",""url"":""https://files.monithon.org/_data/monithon/uploads/77e1833d-c6ed-4288-954a-18e039207bb8.det_UTC_00402_18-12-2017.pdf""},{""name"":""UTC_37.pdf"",""url"":""https://files.monithon.org/_data/monithon/uploads/69546edb-1ff1-4790-af71-cd3c02c9886e.UTC_37.pdf""},{""name"":""UTC_54.pdf"",""url"":""https://files.monithon.org/_data/monithon/uploads/00606f2c-3290-4a26-8e91-02f67b54545e.UTC_54.pdf""},{""name"":""UTC_325.pdf"",""url"":""https://files.monithon.org/_data/monithon/uploads/a0879b06-9178-48d8-9fb8-f1a2fd3024d2.UTC_325.pdf""},{""name"":""UTC_339.pdf"",""url"":""https://files.monithon.org/_data/monithon/uploads/1a0e70a3-3218-4c99-931a-d63731cb75a5.UTC_339.pdf""},{""name"":""UTC_342.pdf"",""url"":""https://files.monithon.org/_data/monithon/uploads/e6cf83ae-4101-46c6-bd4a-cb6eb11af049.UTC_342.pdf""},{""name"":""UTC_344.pdf"",""url"":""https://files.monithon.org/_data/monithon/uploads/4dd70937-272d-4d5c-b53a-5e5857d8d79e.UTC_344.pdf""},{""name"":""UTC_349.pdf"",""url"":""https://files.monithon.org/_data/monithon/uploads/02ac338d-08dd-4c40-9153-22b3012814f4.UTC_349.pdf""},{""name"":""UTC_352.pdf"",""url"":""https://files.monithon.org/_data/monithon/uploads/f1d84ef3-0ef9-4ad8-9ec6-7218339bffb2.UTC_352.pdf""},{""name"":""UTC_365.pdf"",""url"":""https://files.monithon.org/_data/monithon/uploads/4e249ee2-a3d4-43e1-8b03-540203347e36.UTC_365.pdf""},{""name"":""UTC_394.pdf"",""url"":""https://files.monithon.org/_data/monithon/uploads/303975ba-9953-40b3-b649-52d888a83f08.UTC_394.pdf""}]"
1641,,"[{""name"":""Cattura TIMELINE DEFINITIVO.PNG"",""url"":""https://files.monithon.org/_data/monithon/uploads/abc24a30-e16c-4a10-aad9-5a7b7ca23b0b.Cattura%20TIMELINE%20DEFINITIVO.PNG""},{""name"":""Cattura SCHEMA EDIFICIO DEFINITIVO.PNG"",""url"":""https://files.monithon.org/_data/monithon/uploads/9fcc4635-6ce4-47b6-b96c-02c6ac3d0cb8.Cattura%20SCHEMA%20EDIFICIO%20DEFINITIVO.PNG""},{""name"":""Determina_a_contrarre.pdf"",""url"":""https://files.monithon.org/_data/monithon/uploads/44d4f425-3ed5-411d-9163-c5d2fb78bb32.Determina_a_contrarre.pdf""},{""name"":""Arch_02_Versione_B.pdf"",""url"":""https://files.monithon.org/_data/monithon/uploads/34040cf2-edb9-49e3-a9d0-044895b6c927.Arch_02_Versione_B.pdf""}]"
1642,,[]
1644,,"[{""name"":""Pubblicazione1.jpg"",""url"":""https://files.monithon.org/_data/monithon/uploads/450c8133-2d71-4237-9ebf-663cfd758c75.Pubblicazione1.jpg""},{""name"":""54436990_1050334931826223_8848300544419168256_n (1).jpg"",""url"":""https://files.monithon.org/_data/monithon/uploads/f21cf59d-15df-497e-9382-76fe6f472d73.54436990_1050334931826223_8848300544419168256_n%20%281%29.jpg""},{""name"":""51795624_381725205894958_7137265408544866304_n.jpg"",""url"":""https://files.monithon.org/_data/monithon/uploads/9d611e1f-152a-4666-b874-ddd29869e20f.51795624_381725205894958_7137265408544866304_n.jpg""}]"
1645,,[]
1646,,[]
1648,,[]
1649,,[]
1650,,"[{""name"":""Presentazione standard1.jpg"",""url"":""https://files.monithon.org/_data/monithon/uploads/51b835a3-ede7-465b-956d-0402dc79d550.Presentazione%20standard1.jpg""},{""name"":""Presentazione standard2.jpg"",""url"":""https://files.monithon.org/_data/monithon/uploads/1e4fb422-147e-4b14-a153-354f28658c9a.Presentazione%20standard2.jpg""}]"
1651,,"[{""name"":""foto 2.jpg"",""url"":""""},{""name"":""foto 3 lezione 1.jpg"",""url"":""""},{""name"":""galleria.jpg"",""url"":""""},{""name"":""tratto dell'opera gi√† in uso.jpg"",""url"":""""}]"
1652,,[]
1656,,"[{""name"":""Perizia di Variante.pdf"",""url"":""""}]"
1657,,[]
1658,,"[{""name"":""report monitoraggio _Monithon_VitSartor.pdf"",""url"":""https://manager.files.monithon.org/files/_data/monithon/uploads/Sartor.pdf""}]"
1660,,[]
1661,,[]
1662,,"[{""name"":""VID-20190325-WA0019.mp4"",""url"":""""}]"
1663,,"[{""name"":""1.JPG"",""url"":""https://manager.files.monithon.org/files/_data/monithon/uploads/IMG-20190326-WA0011.jpg""}]"
1664,,"[{""name"":""1.JPG"",""url"":""https://manager.files.monithon.org/files/_data/monithon/uploads/IMG-6811.JPG""}]"
1666,,[]
1667,,"[{""name"":""Logo del team.jpg"",""url"":""""},{""name"":""Incontro con l'ing. Leocata.jpg"",""url"":""""},{""name"":""Locandina Evento SAA.jpg"",""url"":""""}]"
1668,,"[{""name"":""INTERVENTO PROGETTUALE_ SULLA VIA DI ALTANUM.pdf"",""url"":""""},{""name"":""Bando di Progetto e appalto della Stazione Unica Appaltamte di Reggio Calabria.pdf"",""url"":""""},{""name"":""Delibera Comune di Melicucco di adesione al progetto Sulla Via di Altanum.pdf"",""url"":""""},{""name"":""Pubblicazione di valore storico culturale su Altanum.pdf"",""url"":""""},{""name"":""AVVISO_AI_CREDITORI - Contratto d'appalto Sulla Via di Altanum.pdf"",""url"":""""},{""name"":""Dichiarazioni sindaco di Polistena su interventi di riqualificazione nell'ambito del progetto di Altanum.pdf"",""url"":""""},{""name"":""Mappa di Altanum nella provincia di Reggio Calabria.png"",""url"":""""},{""name"":""Mappa del progetto di Altanum.jpg"",""url"":""""}]"
1669,,[]
1670,,[]
1671,,[]
1672,,[]
1673,,"[{""name"":""Documento per monithon.rtf.docx"",""url"":""""}]"
1674,,"[{""name"":""WhatsApp Image 2019-03-18 at 14.41.23.jpeg"",""url"":""""},{""name"":""WhatsApp Image 2019-03-18 at 14.41.24.jpeg"",""url"":""""},{""name"":""WhatsApp Image 2019-03-18 at 14.41.10.jpeg"",""url"":""""},{""name"":""WhatsApp Image 2019-03-18 at 14.42.22.jpeg"",""url"":""""}]"
1675,,[]
1676,,[]
1684,,"[{""name"":""aula magna.jpg"",""url"":""""},{""name"":""Monitoraggio.jpg.jpg"",""url"":""""}]"
1685,,[]
1686,,"[{""name"":""LOGO FREE WHEELSdef.png"",""url"":""""},{""name"":""Presentazione standard1.pdf"",""url"":""""},{""name"":""_1NK5403.jpg"",""url"":""""}]"
1687,,[]
1688,,[]
1689,,[]
1690,,[]
1691,,[]
1694,,"[{""name"":""bb71ff64-5a3a-45f9-b43d-fd179a3dc738.jpg"",""url"":""""},{""name"":""283933d4-c5f0-4ca6-aa87-755d4d0d2586.mp4"",""url"":""""},{""name"":""2b394ab6-9f35-47bb-99b4-d8690e3a3d86.D38F7453-F12E-4B43-8E81-A27381DA8D61.TRIM.MOV"",""url"":""""},{""name"":""4181b8dc-7548-4232-96dd-e38ca4d5c854.jpg"",""url"":""""},{""name"":""WhatsApp Image 2019-03-25 at 16.21.57.jpeg"",""url"":""""}]"
1695,,[]
1696,,[]
1697,,[]
1698,,"[{""name"":""PHOTO-2019-03-25-12-09-00.jpg"",""url"":""""},{""name"":""PHOTO-2019-03-25-12-09-01 (1).jpg"",""url"":""""},{""name"":""PHOTO-2019-03-25-12-09-01 (2).jpg"",""url"":""""}]"
1699,,[]
1700,,"[{""name"":""Pon_FORMA_ROMAE.pdf"",""url"":""""}]"
1701,,[]
1703,,[]
1704,,"[{""name"":""video Asoc.mp4"",""url"":""""}]"
1708,,[]
1710,,[]
1711,,[]
1712,,"[{""name"":""WhatsApp Image 2019-03-28 at 00.04.31.jpeg"",""url"":""""},{""name"":""Immagine Monitoraggio Civico.jpeg"",""url"":""""}]"
1713,,[]
1714,,"[{""name"":""RiassuntoIntervento_Feb2019.docx"",""url"":""""}]"
1715,,[]
1716,,"[{""name"":""Nodo di Napoli_Scheda di approfondimento_v.1.0.docx"",""url"":""""},{""name"":""Nodo di Napoli_Scheda di approfondimento_v.1.0.docx"",""url"":""""},{""name"":""Nodo Napoli.pdf"",""url"":""""}]"
1717,,[]
1719,,"[{""name"":""IMG_7243.jpg"",""url"":""""}]"
1720,,"[{""name"":""Screenshot_20190329-112110_WhatsApp.jpg"",""url"":""""}]"
1721,,[]
1722,,"[{""name"":""+ValliTv_Relazione finale.pdf"",""url"":""""}]"
1723,,[]
1726,,[]
1727,,[]
1728,,[]
1729,,[]
1730,,[]
1731,,[]
1732,,[]
1748,,[]
1750,,[]
1751,,[]
1752,,[]
1753,,[]
1755,,[]
1756,,[]
1757,,"[{""name"":""SAA 2019 Filippo Re.mp4"",""url"":""""},{""name"":""trasparenza a scuola-1.jpg"",""url"":""""},{""name"":""Campovolo_Arena eventi-slides.pdf"",""url"":""""},{""name"":""8.jpg"",""url"":""""},{""name"":""7.jpg"",""url"":""""},{""name"":""6.jpg"",""url"":""""},{""name"":""5.jpg"",""url"":""""},{""name"":""4.jpg"",""url"":""""},{""name"":""3.jpg"",""url"":""""},{""name"":""1.jpg"",""url"":""""},{""name"":""2.jpg"",""url"":""""}]"
1760,,[]
1761,,[]
1762,,[]
1763,,[]
1764,,[]
1765,,[]
1767,,"[{""name"":""R1_1819_171_20190110_LOGO.jpg"",""url"":""""},{""name"":""R1_1819_171_20190110_LOGO.jpg"",""url"":""""},{""name"":""R1_1819_171_20190110_LOGO.jpg"",""url"":""""}]"
1768,,[]
1774,,[]
1775,,[]
1777,,"[{""name"":""domande.doc"",""url"":""""}]"
1780,,[]
1782,,"[{""name"":""22.jpg"",""url"":""""},{""name"":""33.jpg"",""url"":""""},{""name"":""44.jpg"",""url"":""""},{""name"":""55.jpg"",""url"":""""}]"
1783,,"[{""name"":""foto informativa.jpg"",""url"":""""},{""name"":""Museo Gioconda.jpg"",""url"":""""},{""name"":""parcheggio.jpg"",""url"":""""},{""name"":""piazza.jpg"",""url"":""""},{""name"":""piazza1.jpg"",""url"":""""},{""name"":""questionario.doc"",""url"":""""},{""name"":""RUP.jpg"",""url"":""""},{""name"":""saa1.jpg"",""url"":""""},{""name"":""Intervista cittadini.jpg"",""url"":""""},{""name"":""intervista segreteria.jpg"",""url"":""""},{""name"":""Locandina SAA.jpg"",""url"":""""},{""name"":""Museo Da Vinci.jpg"",""url"":""""},{""name"":""INTERVISTA SEGRETARIA MUSEO.mp4"",""url"":""""}]"
1784,,"[{""name"":""Video intervista.MOV"",""url"":""""}]"
1785,,[]
1786,2018-03-19 16:53:49.249354+00,Cartello_Unesco.png
1786,2018-03-20 07:50:52.959942+00,castel-capuano-napoli.jpg
1786,2018-03-20 06:14:25.349984+00,Corriere_del_Mezzogiorno.png
1786,2018-03-20 06:25:29.392273+00,Farmacia.png
1786,2018-03-20 05:55:44.037328+00,Foto__piano_terra.png
1786,2018-03-20 05:47:42.560616+00,Foto_approvazione_progetto-Prefettura.png
1786,2018-03-20 06:05:44.205483+00,Foto_Castel_Capuano_.jpg
1786,2018-03-20 05:51:49.069466+00,Foto_planimentria_primo_pianp.png
1786,2018-03-20 06:17:34.973452+00,Gruppo_a_Castel_Capuano.png
1786,2018-03-20 07:52:47.005571+00,IMG-20180115-WA0010.jpg
1786,2018-03-20 07:46:55.645306+00,Salone_dei_Busti.jpg
1786,2018-03-20 05:59:48.226238+00,Unesco.png
1786,2018-03-20 06:06:47.291197+00,Foto_Research_Design_.jpg
1786,2018-03-20 06:08:03.473724+00,Foto_gruppo_.jpg
1786,2018-03-20 06:09:15.389542+00,Foto_gruppo__gpHCn2Q.jpg
1786,2018-03-20 07:46:12.416+00,20180315_155908.jpg
1786,,[]
1791,2018-03-23 22:43:40.526031+00,davide_conferenza_1.JPG
1791,2018-03-23 22:44:30.993459+00,DSC_0037.JPG
1791,2018-03-23 22:45:13.487421+00,DSC_0039.JPG
1791,2018-03-23 22:43:07.321869+00,DSC_0042.JPG
1791,2018-03-23 22:44:55.602981+00,DSC_0044.JPG
1791,2018-03-23 22:45:54.345465+00,IMG_0894_NNX7qW0.JPG
1791,2018-03-23 22:46:59.205485+00,IMG_0904.JPG
1791,2018-03-23 22:45:40.733344+00,IMG_0919.JPG
1791,2018-03-23 22:45:26.605748+00,IMG_1967.JPG
1791,2018-03-23 22:48:50.749438+00,IMG_2086.JPG
1791,2018-03-23 22:48:20.791643+00,IMG_2103.JPG
1791,2018-03-23 22:41:38.609754+00,vlcsnap-2018-03-23-23h25m51s918.jpg
1791,2018-03-23 22:47:42.757043+00,vlcsnap-2018-03-23-23h46m57s307.jpg
1791,,"[{""name"":""vlcsnap-2019-05-05-15h11m47s914.jpg"",""url"":""https://monithon.it/media/Freedam.jpg""}]"
1792,2018-03-22 19:31:03.717358+00,Filmato_lez_4.mp4
1792,,[]
1793,2017-03-28 09:01:21.36247+00,Documento_preliminare_di_progettazione_RAS_2008.pdf
1793,2017-03-27 20:44:28.172839+00,DSCN6118.JPG
1793,2017-03-27 20:47:32.353061+00,DSCN6135.JPG
1793,2017-03-28 09:04:58.469577+00,RAE2012-35_84_20140203121421.pdf
1793,2017-03-27 20:35:29.62027+00,IMG_3328.JPG
1793,2017-03-27 20:35:58.702062+00,IMG-20170310-WA0004.jpg
1793,2017-03-27 20:36:48.53255+00,IMG_4866.JPG
1793,2017-03-27 20:37:46.468938+00,File_003.jpeg
1793,2017-03-27 20:47:54.843293+00,IMG-20161213-WA0002.jpg
1793,,[]
1794,2018-03-23 12:13:48.43348+00,Dati_rilevati_questionario.xlsx
1794,2018-03-23 12:13:59.070506+00,Punti_di_forza_e_di_debolezza_della_struttura.docx
1794,2018-03-23 12:12:57.89756+00,Questionario.pdf
1794,2018-03-23 12:13:31.385491+00,Rielaborazione_grafica_dati.xlsx
1794,2018-03-23 12:18:45.141433+00,Rielaborazione_grafica_dati_CjX8r3x.xlsx
1794,,[]
1796,,[]
1798,,[]
1799,2016-04-02 10:19:15.676224+00,Copia_di_cartello_di_cantiere_stadio.JPG
1799,2016-04-02 10:03:08.341337+00,Copia_di_spiegazione_generale_dello_stadio.JPG
1799,2016-04-02 10:01:36.925199+00,stadio.JPG
1799,,[]
